4avalverde,jerreramarcia
Zeliom97,4avalverde
kovalzky_97,4avalverde
_luciarufian,4avalverde
Josevaazquez9,4avalverde
rociioomt,4avalverde
laiarbellido,4avalverde
mad_cryptoo,4avalverde
CruzCafune,4avalverde
anarivegall17,4avalverde
knowtylus,4avalverde
MarcosGonz222,4avalverde
JuanjoRR11,4avalverde
beeleenromero,4avalverde
martinaslzr1,4avalverde
C_salas10,4avalverde
alejandrohl97,4avalverde
ireenita23,4avalverde
fvtti_,4avalverde
manu_espina,4avalverde
highvhype,4avalverde
__luciaandrade,4avalverde
_anita_navarro,4avalverde
Dataviz_,4avalverde
ibaiyuste,4avalverde
PabloGuerr2,4avalverde
francissmoreno2,4avalverde
joaquincofu,4avalverde
gorkisan98,4avalverde
iEuyin,4avalverde
Luissl28,4avalverde
Daviidlope,4avalverde
Carlagrise00,4avalverde
ARM10_,4avalverde
Pcasas4,4avalverde
anaqfuentess,4avalverde
Mariaiglesri,4avalverde
mmarialuvv,4avalverde
ulisesromer0,4avalverde
Jipinocturno,4avalverde
dinabakali_,4avalverde
CozarRodrigu,4avalverde
franjimenezcadi,4avalverde
adriaanavm,4avalverde
ignacionegro88,4avalverde
perritoo_,4avalverde
maybeeevirgo,4avalverde
frasesdeltainy,4avalverde
EzeChilo,4avalverde
DleeWill,4avalverde
kianastew,4avalverde
Chris_Ramos11,4avalverde
MOJOYOY52518547,4avalverde
Ainoaleiva13,4avalverde
laauraglvez,4avalverde
AnnaAlvarez_,4avalverde
GxldSociety,4avalverde
juanitoo42,4avalverde
belenmcuello,4avalverde
DGalleguillo,4avalverde
robertoakabaner,4avalverde
LauraMRo24,4avalverde
juanrova1,4avalverde
Basallote98,4avalverde
its_jeremy_17,4avalverde
antonioborrego_,4avalverde
aleexromerox,4avalverde
DnielaRivera,4avalverde
RoCampos40816,4avalverde
fabianmena10,4avalverde
lauramoyag7,4avalverde
AdriTizon96,4avalverde
Pablo_Cuenca6,4avalverde
JaimeSarrias,4avalverde
Bestcaption_MPH,4avalverde
pequexiv2,4avalverde
_pedromacias1,4avalverde
RorroBarrancas,4avalverde
germansantos98,4avalverde
MiriamDidi_,4avalverde
andreesvega_,4avalverde
xaxosoyunpunki,4avalverde
elbauldeelia,4avalverde
cmmuriel_,4avalverde
albiixxv,4avalverde
EncarniHig,4avalverde
miguelamores98,4avalverde
kiriandlacruz,4avalverde
ALianxy,4avalverde
Urlocalstoned,4avalverde
ceeliahr12,4avalverde
rodryperez23,4avalverde
Msdonettes,4avalverde
Nolitss,4avalverde
ID6ix,4avalverde
Manfreed187,4avalverde
pabloamores00,4avalverde
_nicomd,4avalverde
DaniAndero,4avalverde
javimenna,4avalverde
pequexiv,4avalverde
_mariiaqa,4avalverde
kharecdz,4avalverde
juanpiSalas08,4avalverde
Chanfru,4avalverde
LauraCabello_,4avalverde
edu_nimoi,4avalverde
DUALIPA,4avalverde
NBenchakur,4avalverde
JesuleG10,4avalverde
yohannavazquezr,4avalverde
quiros_00,4avalverde
laksestaliando,4avalverde
adriiangazaba,4avalverde
alejandroggil_,4avalverde
_ebandrea,4avalverde
Malickgomez992,4avalverde
MileyCyrus,4avalverde
Cristobalgj,4avalverde
Crismg98_,4avalverde
adamsbg96,4avalverde
andreaponce_15,4avalverde
guille5mateos,4avalverde
a98b34d25a5e498,4avalverde
juanjolg98,4avalverde
alemoya166,4avalverde
juliangagliano,4avalverde
amornima,4avalverde
ismicawidillo,4avalverde
luiset_91,4avalverde
ivangonzalezz9,4avalverde
IbaiLlanos,4avalverde
ricitosdecobree,4avalverde
Paolamq00,4avalverde
FuNeS_LaRgO,4avalverde
Juanjo_ll12,4avalverde
Antoniooliver08,4avalverde
lauespinosaxx,4avalverde
carmenrelinque8,4avalverde
Martaherrerag14,4avalverde
Pxrsxphxnxx,4avalverde
danicf26,4avalverde
Jvti96,4avalverde
rubeengnzalez95,4avalverde
fuck_you1312,4avalverde
joseiribarne31,4avalverde
pedrorcortina,4avalverde
jerreramarcia,4avalverde
santialexjunior,4avalverde
JesuusMD7,4avalverde
cash_smartphone,4avalverde
MarisabelMaci99,4avalverde
pbrvxla511,4avalverde
danielavf24,4avalverde
AlvaroSierraB7,4avalverde
aorozcofisio6,4avalverde
cristinarc23,4avalverde
martinasalazarp,4avalverde
SilviaToroo,4avalverde
ChemaBenitez7,4avalverde
mjimenezq99,4avalverde
Carmenpsss,4avalverde
_tumae,4avalverde
luisSG5,4avalverde
Catiaklk,4avalverde
jesuisperi,4avalverde
Alex29dc,4avalverde
AndreMoreno12,4avalverde
shxwtybaby,4avalverde
adrimanso381,4avalverde
evaa28_,4avalverde
Ramiii07,4avalverde
antonio_ca96,4avalverde
Vitalisioo,4avalverde
_tresska_,4avalverde
MartaJimenez20,4avalverde
Aliciacgav,4avalverde
JuanAntonioAF16,4avalverde
Marisasalas4,4avalverde
PaulaArconada98,4avalverde
YasminaAlvarezA,4avalverde
sebascb09,4avalverde
ditolozano_5,4avalverde
alonsorojs,4avalverde
ogellagilaf,4avalverde
adriroman96,4avalverde
DomiAguilar5,4avalverde
carolacasschili,4avalverde
Barbara027,4avalverde
Carlosteiger,4avalverde
vii15_,4avalverde
AlexRios75,4avalverde
InmaChRo,4avalverde
JA_Pirez,4avalverde
rafagallego29,4avalverde
Danilm99_,4avalverde
carmensitttt,4avalverde
starjimenezb,4avalverde
rositacasanova_,4avalverde
crismon69,4avalverde
crmlw_,4avalverde
AlbaAragon1,4avalverde
jaialv7,4avalverde
heyenrik,4avalverde
6Acevedo,4avalverde
alvarosolac,4avalverde
Pblo00,4avalverde
MarcosMimoso14,4avalverde
josemitorrejon,4avalverde
SandraRD11,4avalverde
ajedre97,4avalverde
josemaricarras,4avalverde
mbenitez26,4avalverde
AleOli_92,4avalverde
adrianguerreror,4avalverde
celiag98,4avalverde
AntDsgn_,4avalverde
laiz_diego,4avalverde
Palocha13,4avalverde
GabySinapellido,4avalverde
CecilioMartin06,4avalverde
alexjota10,4avalverde
pableteGP,4avalverde
_Adrian93_,4avalverde
mateoalvaro00,4avalverde
4dri96,4avalverde
JoseSanPS,4avalverde
abrahamrangel_4,4avalverde
JosemariRguez,4avalverde
Cristian7bache,4avalverde
alehandrafosela,4avalverde
jefera_2311,4avalverde
carli_roman,4avalverde
MarioMT99,4avalverde
joseorsowey,4avalverde
GabryGarcy,4avalverde
monicasc56,4avalverde
RisloNabiso,4avalverde
GonzaHdez99,4avalverde
jersonestebanva,4avalverde
andreaductor27,4avalverde
ToniMorega,4avalverde
sergiovalarino,4avalverde
Franpeluu,4avalverde
sofisantos151,4avalverde
pa30rm,4avalverde
alvaromt21,4avalverde
crisgarcia_28,4avalverde
NandoGarcia15,4avalverde
yolanda24315319,4avalverde
Tieneunpape,4avalverde
offensivemem3s_,4avalverde
ConH_27,4avalverde
Michiffu31,4avalverde
marinespr98,4avalverde
n9noelia,4avalverde
alonsosr_,4avalverde
martafs_00,4avalverde
tonimuunoz,4avalverde
lorenzolobato98,4avalverde
noemimyrodrgz,4avalverde
Alexispvn7,4avalverde
laurarodcas_,4avalverde
Malita321,4avalverde
mariagarr_,4avalverde
AdrianBenitezC0,4avalverde
Barbasapiens,4avalverde
Nithreel,4avalverde
raquelgonzc29,4avalverde
rebequi05,4avalverde
edunavas09,4avalverde
Ireneatienzaca,4avalverde
martiitaalvarez,4avalverde
Alex_Gf12,4avalverde
franjsv,4avalverde
Ozeka_SNK,4avalverde
DavidAF95,4avalverde
JoeelVLV,4avalverde
angelsuarezs96,4avalverde
aroacbeza10,4avalverde
RetrAshado,4avalverde
ordurebizarree,4avalverde
JuanmyLA,4avalverde
PaolaGuerra333,4avalverde
pedroplz,4avalverde
Mellaman_negro,4avalverde
satiivaxx,4avalverde
MaryaGuillen97,4avalverde
Paula_Amores,4avalverde
marinichis,4avalverde
SaraSinZ,4avalverde
Luciacl17,4avalverde
Iratxegarci_,4avalverde
NurGomez17,4avalverde
PaolaMaartinez,4avalverde
margutierrezjz,4avalverde
rihanna,4avalverde
pauguerrero29,4avalverde
magic_cristo,4avalverde
albertovega00,4avalverde
pedriito_8_,4avalverde
ivaancabezaa,4avalverde
terecel8,4avalverde
aguileera05,4avalverde
aaaalejj,4avalverde
malacarasev,4avalverde
DiegoRuizz99,4avalverde
AliciaLozano188,4avalverde
Titofuli10,4avalverde
bell_ce8,4avalverde
aroavaldivia,4avalverde
lilymengil,4avalverde
ireneperez_99,4avalverde
D_Perez98,4avalverde
JosemariGR_,4avalverde
irenespinosa20,4avalverde
JorgeMT2,4avalverde
meaficio,4avalverde
CeciRuizMontede,4avalverde
Martacsalas,4avalverde
cristinagonz021,4avalverde
cristianzapaa,4avalverde
Suenamal,4avalverde
evaaguilarr8,4avalverde
pilyae,4avalverde
nataliaorozcog,4avalverde
pabloxerez11,4avalverde
JonathanRM94,4avalverde
wanitohd,4avalverde
BICHARRACOO,4avalverde
_BLoves,4avalverde
MariaaAlvarez24,4avalverde
noelenriquel,4avalverde
MariaAlba99,4avalverde
MiriamGomez26,4avalverde
PacoRivera7,4avalverde
DaniGonz9,4avalverde
KiniCorrero,4avalverde
LauGil99,4avalverde
franesq_,4avalverde
JRamiirez13,4avalverde
ritamarquez99,4avalverde
enriqueqa5,4avalverde
paolamcor,4avalverde
EleeTs12,4avalverde
MartaMorr,4avalverde
