_L_X_F__,jerreramarcia
nesfilipa101,_L_X_F__
qmc201,_L_X_F__
tingurzz,_L_X_F__
Iratxegarci_,_L_X_F__
paomq00,_L_X_F__
IanWright0,_L_X_F__
josemii104,_L_X_F__
_gloriagj,_L_X_F__
Julia_Janeiro27,_L_X_F__
AlvaroMayor3,_L_X_F__
esdecirdiario,_L_X_F__
CristiianMoRo,_L_X_F__
luciaaserrano_,_L_X_F__
lucia_j_garcia,_L_X_F__
JoaquinLucas18,_L_X_F__
Juan_rh29,_L_X_F__
BarberanSaul,_L_X_F__
santialcn,_L_X_F__
Malickgomez992,_L_X_F__
annaacim,_L_X_F__
alonsosr_,_L_X_F__
rafaamrt,_L_X_F__
caarol23,_L_X_F__
IbaiLlanos,_L_X_F__
Al_varado_,_L_X_F__
lb_outofcontext,_L_X_F__
Cynring8,_L_X_F__
LaLineaOutOf,_L_X_F__
AlgecirasOutOf,_L_X_F__
Vitalisioo,_L_X_F__
now_arsenaI,_L_X_F__
patri_xomx,_L_X_F__
OscarSR1608,_L_X_F__
Alexbarreno10,_L_X_F__
maiitee101,_L_X_F__
jerreramarcia,_L_X_F__
IvanMayor_97,_L_X_F__
josemrioss,_L_X_F__
gonzalo2603,_L_X_F__
terecel8,_L_X_F__
_thisismenow,_L_X_F__
pablo_parody,_L_X_F__
TraveIenEsp,_L_X_F__
Paolamq00,_L_X_F__
TheAFCnewsroom,_L_X_F__
premierleague,_L_X_F__
Arsenal,_L_X_F__
InmaChRo,_L_X_F__
salimalmir,_L_X_F__
Ihatehitler69,_L_X_F__
Sad_for_life_,_L_X_F__
relatixns,_L_X_F__
almohipola1,_L_X_F__
Lennnnn25,_L_X_F__
emoxodemierda,_L_X_F__
saritx_,_L_X_F__
Martaherrerag14,_L_X_F__
anazamorac_,_L_X_F__
marcodubru,_L_X_F__
72kilos,_L_X_F__
IlloManueh_,_L_X_F__
natalianc17_,_L_X_F__
verobenitezz_,_L_X_F__
agnesxgez,_L_X_F__
KameronBennett,_L_X_F__
saraespinosa_03,_L_X_F__
youngthug,_L_X_F__
LilSkies,_L_X_F__
Ped_1711,_L_X_F__
mariiagnzlez,_L_X_F__
mgm_1606,_L_X_F__
pableteGP,_L_X_F__
brxkenpromises_,_L_X_F__
fabi2700,_L_X_F__
adorablebert,_L_X_F__
JaimeSarrias,_L_X_F__
mmxr__,_L_X_F__
Laauri_00,_L_X_F__
Lucky54115,_L_X_F__
yo_unchaval,_L_X_F__
rosaCereza,_L_X_F__
nicolaszta991,_L_X_F__
lucy_targaryen,_L_X_F__
Rt_YourFavBands,_L_X_F__
JRegid,_L_X_F__
Salamandraman,_L_X_F__
CharoMarin99,_L_X_F__
SolamenteVlady,_L_X_F__
flanchota,_L_X_F__
Mercedesgomezz_,_L_X_F__
faunusdog,_L_X_F__
martinasalazarp,_L_X_F__
pablofrz98,_L_X_F__
josem_ovi,_L_X_F__
GonPadilla_05,_L_X_F__
HoMj069,_L_X_F__
anaadominguez_,_L_X_F__
bryanrodrigue00,_L_X_F__
minervamr_99,_L_X_F__
Pablomartin_29,_L_X_F__
Pakoc22,_L_X_F__
MejoresTwits,_L_X_F__
yisucrist,_L_X_F__
olgasanchez17_,_L_X_F__
Jorgevg_33,_L_X_F__
alvaruki009,_L_X_F__
santmoralesmm,_L_X_F__
darioga77_dario,_L_X_F__
paaola_fdez,_L_X_F__
ilusion0ptica,_L_X_F__
JavierBeret,_L_X_F__
HardGaliza,_L_X_F__
PedroFerreir17,_L_X_F__
AliciaLozano188,_L_X_F__
Alonsosilva98,_L_X_F__
Franvherrera97,_L_X_F__
D_Perez98,_L_X_F__
gonnzalechon,_L_X_F__
martafs_00,_L_X_F__
MunozLight,_L_X_F__
Angelasardaa00,_L_X_F__
aguileera05,_L_X_F__
Rociioo001,_L_X_F__
Carmen_correro,_L_X_F__
andreaponce_15,_L_X_F__
laurarodcas_,_L_X_F__
nereamontero99,_L_X_F__
jesusrj1236,_L_X_F__
alejaandrapc,_L_X_F__
carlelux,_L_X_F__
claudiads00,_L_X_F__
pablo_marchante,_L_X_F__
maariacorbacho,_L_X_F__
UkeIeleKawas,_L_X_F__
Currort99,_L_X_F__
OscarSalazarRo4,_L_X_F__
GABRIGP94,_L_X_F__
LaElectricidad,_L_X_F__
pabloamores00,_L_X_F__
laiz_diego,_L_X_F__
