adrian_jesus_98,jerreramarcia
minihongz,adrian_jesus_98
TwFutbolOOC,adrian_jesus_98
DRIFTgamingeu,adrian_jesus_98
videosvecagando,adrian_jesus_98
StardustMCD,adrian_jesus_98
yuneszm97,adrian_jesus_98
LucyLeonhart,adrian_jesus_98
Rocke_15,adrian_jesus_98
The_Master_RBBM,adrian_jesus_98
albixtt,adrian_jesus_98
KochMedia_es,adrian_jesus_98
GameLegendsShop,adrian_jesus_98
IbaiLlanos,adrian_jesus_98
paxola_xd,adrian_jesus_98
natibeswitch,adrian_jesus_98
Alvarovega19971,adrian_jesus_98
Sanju_Lionheart,adrian_jesus_98
rezzz_i,adrian_jesus_98
Transcene,adrian_jesus_98
TraduSquare,adrian_jesus_98
natibe00,adrian_jesus_98
TemploDelTiempo,adrian_jesus_98
Cris_Kaiju,adrian_jesus_98
ItsBrianaWhite,adrian_jesus_98
AriBASMakeup,adrian_jesus_98
immiimoFF,adrian_jesus_98
andrearom01,adrian_jesus_98
Pitiyo__,adrian_jesus_98
Ruben_BJ77,adrian_jesus_98
xVanCooper,adrian_jesus_98
javier_bucu,adrian_jesus_98
anitaglez97,adrian_jesus_98
JCaamaRei,adrian_jesus_98
sweetnudoto,adrian_jesus_98
emiru,adrian_jesus_98
Inlovedreamer1,adrian_jesus_98
EscenasBobobo,adrian_jesus_98
javimxrtin,adrian_jesus_98
claragj14,adrian_jesus_98
peregalon,adrian_jesus_98
susromero07,adrian_jesus_98
laurysmile_99,adrian_jesus_98
jerreramarcia,adrian_jesus_98
mariaeg00,adrian_jesus_98
francisbg00,adrian_jesus_98
martin_marti_,adrian_jesus_98
marmarv_a,adrian_jesus_98
Jarleer,adrian_jesus_98
Natalia99__,adrian_jesus_98
alfredocobano,adrian_jesus_98
barbra21_,adrian_jesus_98
xpectromaster,adrian_jesus_98
noeliagp00,adrian_jesus_98
ara_malvarez,adrian_jesus_98
belen_geminis2,adrian_jesus_98
meryendame,adrian_jesus_98
icarmalna,adrian_jesus_98
phiremjr,adrian_jesus_98
nenuuuuuujj,adrian_jesus_98
niconkyr,adrian_jesus_98
saraj_31,adrian_jesus_98
mikischine,adrian_jesus_98
yosoyvirola,adrian_jesus_98
Kekeflipnote,adrian_jesus_98
ShinyPotat,adrian_jesus_98
_victor1808,adrian_jesus_98
lacunadelqueso,adrian_jesus_98
rodarche1,adrian_jesus_98
Borosmage,adrian_jesus_98
_nikkidominguez,adrian_jesus_98
TwCeuta,adrian_jesus_98
dregos13,adrian_jesus_98
oceansatevicky,adrian_jesus_98
7marinaalvarez,adrian_jesus_98
cyansbr,adrian_jesus_98
raulgvela97,adrian_jesus_98
VandalOnline,adrian_jesus_98
laurodriiguezm,adrian_jesus_98
sleepyciela,adrian_jesus_98
Alexiacm00,adrian_jesus_98
newskill_ES,adrian_jesus_98
Braebrae_X,adrian_jesus_98
LegionRojaCE,adrian_jesus_98
_fxckingdross,adrian_jesus_98
PatriGonPal,adrian_jesus_98
FolagoR,adrian_jesus_98
whatshoulitellu,adrian_jesus_98
gonzalogl99,adrian_jesus_98
_Sus0,adrian_jesus_98
_wmarina,adrian_jesus_98
alvarovega1997,adrian_jesus_98
EmilioRS_,adrian_jesus_98
Marianugo27,adrian_jesus_98
mariaguerrafs,adrian_jesus_98
Marmc1999,adrian_jesus_98
Neekotab,adrian_jesus_98
Eksesfjjkf,adrian_jesus_98
MeriStation,adrian_jesus_98
Adrianxujito,adrian_jesus_98
poloR123,adrian_jesus_98
jglezm99,adrian_jesus_98
e9705596efef414,adrian_jesus_98
pedrosanlo1999,adrian_jesus_98
naiaostaiko67,adrian_jesus_98
PokeJ24,adrian_jesus_98
ColladoAlexia,adrian_jesus_98
IsaDCMendez,adrian_jesus_98
auronplay,adrian_jesus_98
Carmensitaah,adrian_jesus_98
IvnGonz08930264,adrian_jesus_98
Tulnfancia,adrian_jesus_98
ErC0y0te,adrian_jesus_98
fast2playes,adrian_jesus_98
NerminFailali,adrian_jesus_98
SaraKC31,adrian_jesus_98
knoestoy,adrian_jesus_98
EDDisplay,adrian_jesus_98
fascaballa1992,adrian_jesus_98
JoahGXR,adrian_jesus_98
Carmenunhappy,adrian_jesus_98
AlejandroLanus,adrian_jesus_98
AnimalPlanetPic,adrian_jesus_98
tonacho,adrian_jesus_98
SuperBonitos,adrian_jesus_98
DuaneReade,adrian_jesus_98
greenalbert247,adrian_jesus_98
UEscultaCeitil,adrian_jesus_98
khapachao,adrian_jesus_98
Rayoelmeho,adrian_jesus_98
LaurittaCeuti,adrian_jesus_98
juanlutorres23,adrian_jesus_98
AndreaBP15,adrian_jesus_98
pablxx_,adrian_jesus_98
borrachosEs,adrian_jesus_98
PaisajeGeo,adrian_jesus_98
SrShinigami97,adrian_jesus_98
NdrSeven,adrian_jesus_98
Amandajimenez99,adrian_jesus_98
RaRapture,adrian_jesus_98
Lauriitix,adrian_jesus_98
Martita_15RR,adrian_jesus_98
LaPokebalDeIzca,adrian_jesus_98
PokemonDice,adrian_jesus_98
CrestmontCap,adrian_jesus_98
__teenageTyler,adrian_jesus_98
siento_ti,adrian_jesus_98
bloggerdebarrio,adrian_jesus_98
EncarnitaAuryn,adrian_jesus_98
rubnebel,adrian_jesus_98
Sara_J31,adrian_jesus_98
albaacm98,adrian_jesus_98
laurac_2000,adrian_jesus_98
FumateUnFly,adrian_jesus_98
LupedeLunaM,adrian_jesus_98
alejobenedict92,adrian_jesus_98
goldenbrahim,adrian_jesus_98
Juanky765,adrian_jesus_98
HikariLuc,adrian_jesus_98
nerearuiz_22,adrian_jesus_98
BrayanSmaller,adrian_jesus_98
Excelsiur,adrian_jesus_98
Angyrules,adrian_jesus_98
alvarovegapozo,adrian_jesus_98
ivanester1997,adrian_jesus_98
Sebas_ffdez,adrian_jesus_98
WizardXV,adrian_jesus_98
ErGorDaKoLoKo,adrian_jesus_98
Carolmp99_,adrian_jesus_98
salgumu,adrian_jesus_98
oletuconejo,adrian_jesus_98
TioDesconocido,adrian_jesus_98
EdgardSav,adrian_jesus_98
9Ninety3Three,adrian_jesus_98
XxMSRxX1,adrian_jesus_98
xcalbino13x,adrian_jesus_98
VapeZoneYT,adrian_jesus_98
alejandro7fdez,adrian_jesus_98
alvaroug90,adrian_jesus_98
gaming_trick,adrian_jesus_98
JakxLeyim,adrian_jesus_98
Vardoc,adrian_jesus_98
groveh8,adrian_jesus_98
TheMophy12,adrian_jesus_98
Biologyviews,adrian_jesus_98
2101ACG,adrian_jesus_98
FansdeElrubius3,adrian_jesus_98
SlenderWhite,adrian_jesus_98
mangelrogel,adrian_jesus_98
Raster4YT,adrian_jesus_98
Rubiu5,adrian_jesus_98
