alejaandrapc,jerreramarcia
aitoriv,alejaandrapc
leireruilobap,alejaandrapc
ismaelperea9,alejaandrapc
placeryviajar,alejaandrapc
MaitnicR_97,alejaandrapc
LuciaMolinaHdez,alejaandrapc
joseglezz18_,alejaandrapc
Alejandracc90,alejaandrapc
CostelaBlanca,alejaandrapc
carmensitttt,alejaandrapc
20morales_,alejaandrapc
Sylviachu99,alejaandrapc
mariaffdez_98,alejaandrapc
belennsanchezz6,alejaandrapc
eu21_8,alejaandrapc
_lauravillasana,alejaandrapc
biebspola,alejaandrapc
MarinAlvarez_21,alejaandrapc
Angeliicalpz2,alejaandrapc
adrian_lanero,alejaandrapc
saritx_,alejaandrapc
simratdhillon_,alejaandrapc
MeriiJimenez,alejaandrapc
blogsostenible,alejaandrapc
lucia_j_garcia,alejaandrapc
ElComidista,alejaandrapc
Juuanmedrano,alejaandrapc
elenavolll,alejaandrapc
annyspalacios,alejaandrapc
ChristiannRossi,alejaandrapc
rrrubensanchez,alejaandrapc
pbrvxla511,alejaandrapc
GonzzMonster,alejaandrapc
laauragarcia20,alejaandrapc
kaze_cartagena,alejaandrapc
Cristian_AB95,alejaandrapc
Alexprrrr,alejaandrapc
BillyJulio12,alejaandrapc
Lauritalauura,alejaandrapc
boorjapereez,alejaandrapc
pjzr5,alejaandrapc
Fueeeet,alejaandrapc
noeliaestezubi,alejaandrapc
Alestibador,alejaandrapc
juudithpereez,alejaandrapc
indvbio,alejaandrapc
Juan_rh29,alejaandrapc
AlexFJ_Trainer,alejaandrapc
YasminaAlvarezA,alejaandrapc
Carla__Marla,alejaandrapc
JorgeCanto98,alejaandrapc
maatiisaanchez,alejaandrapc
MagaliNarvaja,alejaandrapc
paula_mndza,alejaandrapc
Oscarvar4,alejaandrapc
miriamros_,alejaandrapc
BisuGranada,alejaandrapc
adrianjf1998,alejaandrapc
andreaarm9,alejaandrapc
javiarm96,alejaandrapc
alvaroglvez_,alejaandrapc
46Oscaar,alejaandrapc
ElviraArminio00,alejaandrapc
mroselloq,alejaandrapc
Jorgegs_1811,alejaandrapc
ZarzueloH,alejaandrapc
parra69___,alejaandrapc
_skrranti,alejaandrapc
RofoEscobar,alejaandrapc
clawdiahdez,alejaandrapc
Michiffu31,alejaandrapc
lolasotor1,alejaandrapc
Vaffess,alejaandrapc
_mariiin7,alejaandrapc
Mf1Sandra,alejaandrapc
AnaBazuelo,alejaandrapc
GemaMonterof,alejaandrapc
babyxyoda_,alejaandrapc
limona0630,alejaandrapc
CristiianMoRo,alejaandrapc
jpelaez_m,alejaandrapc
jerreramarcia,alejaandrapc
primatrompefest,alejaandrapc
PsiaGranada,alejaandrapc
Agl12794,alejaandrapc
97Martn2,alejaandrapc
Inmaaa26,alejaandrapc
LuismiMd115,alejaandrapc
CotilleosUGR1,alejaandrapc
RocioZufri,alejaandrapc
PaulaNicolas01,alejaandrapc
arnauseeto,alejaandrapc
Rosacamcastro,alejaandrapc
MariaUbi,alejaandrapc
Carlosjavi97,alejaandrapc
flakkkbiel,alejaandrapc
drc14__,alejaandrapc
Beacontreras_,alejaandrapc
Elvisfdez,alejaandrapc
MariiaLopezF,alejaandrapc
infffame,alejaandrapc
Cotilleos_UGR_,alejaandrapc
Alvarillo89,alejaandrapc
noeeliagarci,alejaandrapc
pablobz_98,alejaandrapc
x_dray_21,alejaandrapc
Jose_Angel14,alejaandrapc
KIDOFLAMES,alejaandrapc
Carlosl_p,alejaandrapc
juliadereuver_,alejaandrapc
nereableon,alejaandrapc
Nym_Zurda,alejaandrapc
laurasclpz,alejaandrapc
Anaest27,alejaandrapc
albagarui,alejaandrapc
abgm28,alejaandrapc
Mario21N,alejaandrapc
SFDKoficial,alejaandrapc
yozatu,alejaandrapc
tuputamadreillo,alejaandrapc
EvaAguilar06,alejaandrapc
JM_Kichi,alejaandrapc
eliblanco18,alejaandrapc
juliiavd99,alejaandrapc
PedroFerreir17,alejaandrapc
cristinahr_,alejaandrapc
JokerPS2000,alejaandrapc
Cotilleos_UGRR,alejaandrapc
daaniedelgado97,alejaandrapc
Disney_Emploi,alejaandrapc
jesusalgarte01,alejaandrapc
miguelangelmu15,alejaandrapc
rrppinma_,alejaandrapc
JuanmaLibube,alejaandrapc
DaniGarciaavila,alejaandrapc
Pablopadilla61,alejaandrapc
Oneraap,alejaandrapc
lora_manu,alejaandrapc
Antonio47437914,alejaandrapc
Danrojas_98,alejaandrapc
gonzalomh9,alejaandrapc
increscendo99,alejaandrapc
KandadoSocial,alejaandrapc
mariarivera12_,alejaandrapc
SantiNomecallo,alejaandrapc
ilcomentatorex,alejaandrapc
Fiti_RL,alejaandrapc
SamuelEspejo,alejaandrapc
CeldIsmael,alejaandrapc
RobertoLM6,alejaandrapc
almohipola1,alejaandrapc
InfanCarlos1,alejaandrapc
javiimu_2,alejaandrapc
UCApisos,alejaandrapc
UCAnoveles,alejaandrapc
anaines_25,alejaandrapc
albasarmiento00,alejaandrapc
lucialagosss_,alejaandrapc
leslieyyyy,alejaandrapc
JaimeSarrias,alejaandrapc
soyRayden,alejaandrapc
afuegofestival,alejaandrapc
cabodeplatafest,alejaandrapc
IsmaelElHarrar,alejaandrapc
AnnaGonzalz10,alejaandrapc
el_pais,alejaandrapc
elmundoes,alejaandrapc
eldiarioes,alejaandrapc
iagocampa,alejaandrapc
srmanugh_,alejaandrapc
paulabarcia_,alejaandrapc
_tresska_,alejaandrapc
querkusviajes,alejaandrapc
jesusrj1236,alejaandrapc
policia,alejaandrapc
alertcops,alejaandrapc
NetflixES,alejaandrapc
martafs_00,alejaandrapc
SoyAnxnima,alejaandrapc
disorientedduck,alejaandrapc
Congreso_Es,alejaandrapc
cambioclimastop,alejaandrapc
_L_X_F__,alejaandrapc
andreaponce_15,alejaandrapc
ci_television,alejaandrapc
SergioGnz_,alejaandrapc
laiz_diego,alejaandrapc
relatixns,alejaandrapc
eramon77,alejaandrapc
davidschez,alejaandrapc
ireenita15,alejaandrapc
_anacg06,alejaandrapc
awaviva20,alejaandrapc
UnicRap,alejaandrapc
quederap,alejaandrapc
Belen24sc,alejaandrapc
crismon69,alejaandrapc
ghoficial,alejaandrapc
miriamnistal,alejaandrapc
esBritish,alejaandrapc
OscarSalazarRo4,alejaandrapc
AlexPicazo_7,alejaandrapc
JorgeCubas97,alejaandrapc
_xFool4U,alejaandrapc
lucy_targaryen,alejaandrapc
GodSayingsDaily,alejaandrapc
ivangonzalezz9,alejaandrapc
MrRyanHW,alejaandrapc
anaavarea,alejaandrapc
FranGarro96,alejaandrapc
Rubeen_80,alejaandrapc
Raylacoma,alejaandrapc
Hdad_Aurora,alejaandrapc
angelsuarezs96,alejaandrapc
javiserrano05,alejaandrapc
SXRGXX__,alejaandrapc
nuncajamasss,alejaandrapc
gimrichi,alejaandrapc
csxwi_,alejaandrapc
Agarozein,alejaandrapc
Leo_king10,alejaandrapc
luciacarrascogg,alejaandrapc
dondenuncaa,alejaandrapc
Axxndy,alejaandrapc
DavidRam39,alejaandrapc
Salamandraman,alejaandrapc
CeliaMarin97,alejaandrapc
_alexgarzon_,alejaandrapc
darioga77_dario,alejaandrapc
GiraldezMgm,alejaandrapc
JavierBeret,alejaandrapc
pilarhdezz,alejaandrapc
agenciaocio,alejaandrapc
claudiads00,alejaandrapc
laurixu30,alejaandrapc
patri_xomx,alejaandrapc
AriiadnaO,alejaandrapc
fabi2700,alejaandrapc
Anuel_2bleA,alejaandrapc
Guti_vt,alejaandrapc
crisgarcia_28,alejaandrapc
maariacorbacho,alejaandrapc
mr_abraham111,alejaandrapc
BorriquitaLB,alejaandrapc
franesq_,alejaandrapc
Wikingenieria,alejaandrapc
Angelasardaa00,alejaandrapc
5maurijurado,alejaandrapc
ZonaZodiacal,alejaandrapc
angeladh9,alejaandrapc
PaulaAlujer,alejaandrapc
noeliagr33,alejaandrapc
JoseMateos99,alejaandrapc
NicolHartman,alejaandrapc
JuanaMari26,alejaandrapc
UnionGH,alejaandrapc
Joselink5,alejaandrapc
GranHermaneros,alejaandrapc
t5granhermano,alejaandrapc
juanitoo42,alejaandrapc
josem_ovi,alejaandrapc
verorutt2,alejaandrapc
Ozeka_SNK,alejaandrapc
KRONOS_VI,alejaandrapc
JuanitAlcaraz91,alejaandrapc
adriitirado,alejaandrapc
IndiaMartinez,alejaandrapc
muromariaa,alejaandrapc
manuegiil,alejaandrapc
Pedro_Ferreir14,alejaandrapc
OscarSR1608,alejaandrapc
Brechita11,alejaandrapc
sebascb09,alejaandrapc
PacoPP6,alejaandrapc
josferrom4,alejaandrapc
JesuusMD7,alejaandrapc
iismaelgp13,alejaandrapc
Aitorr_92,alejaandrapc
sagitario_hn,alejaandrapc
Jorgevg_33,alejaandrapc
daniigc20,alejaandrapc
luciaceldran_,alejaandrapc
soffii__,alejaandrapc
youssefND99,alejaandrapc
JORDIXTV96,alejaandrapc
_alebueno6,alejaandrapc
FinestClothes,alejaandrapc
JanoskiiPorn_,alejaandrapc
heyenrik,alejaandrapc
RaulMarita,alejaandrapc
aguileera05,alejaandrapc
gabrielroman20,alejaandrapc
MotosOMG,alejaandrapc
oliviita3,alejaandrapc
JRamiirez13,alejaandrapc
cristinarc23,alejaandrapc
albacactus,alejaandrapc
Soniam_23,alejaandrapc
antoniogomgar,alejaandrapc
RocioCampos98,alejaandrapc
Franaviles98,alejaandrapc
Ivaaanarroyo10,alejaandrapc
juancarrillogom,alejaandrapc
DlETAS,alejaandrapc
comerperderpeso,alejaandrapc
FitnessBelleza,alejaandrapc
susanag618_,alejaandrapc
UniversoNike,alejaandrapc
polacotarifa11,alejaandrapc
Erreubeeene,alejaandrapc
JuanGonz9911,alejaandrapc
PabloSaalto,alejaandrapc
itselprinsi,alejaandrapc
mateito011,alejaandrapc
clau0407,alejaandrapc
Alessito_00,alejaandrapc
adriiirodri,alejaandrapc
_FrancisSP98,alejaandrapc
CristobitaTapia,alejaandrapc
Hayarmhmdv,alejaandrapc
AngelitomoyaA,alejaandrapc
Paulitagr_,alejaandrapc
AlbitaSM05,alejaandrapc
RaAlgeciras,alejaandrapc
__CarlosRG,alejaandrapc
RubenCanario_,alejaandrapc
un_bello,alejaandrapc
Jaos_98,alejaandrapc
adryfuente,alejaandrapc
Joselito_Rubi,alejaandrapc
Alexiisjrr,alejaandrapc
Oncalajangel,alejaandrapc
andreaaarc,alejaandrapc
jhayleonmusic,alejaandrapc
ZakiBakouri,alejaandrapc
EscobarSalcedo,alejaandrapc
pendientecoco,alejaandrapc
pablo8fdz,alejaandrapc
brunito97,alejaandrapc
Nyno_SBR,alejaandrapc
Ivan_DDCadiz,alejaandrapc
gemagemagm,alejaandrapc
criscantero17,alejaandrapc
raquelitacd_17,alejaandrapc
joaquinmena1,alejaandrapc
edunavarro9,alejaandrapc
DanyMarques98,alejaandrapc
Mabi990,alejaandrapc
IreneGonz14,alejaandrapc
juanma_by,alejaandrapc
montesoriol,alejaandrapc
flejeperreo,alejaandrapc
YenevaE,alejaandrapc
alexcoronil,alejaandrapc
juansantiago680,alejaandrapc
cavita33,alejaandrapc
DanyRibeiro1_,alejaandrapc
JuanpeBaez13,alejaandrapc
Nachg95,alejaandrapc
DavidFenoll,alejaandrapc
GintasMaci,alejaandrapc
DiceUnJodido,alejaandrapc
LosBarriosCity,alejaandrapc
Jos3Aguilar,alejaandrapc
MrAlbertoFuente,alejaandrapc
cristinagonz021,alejaandrapc
Emilio_Montosa,alejaandrapc
RaulitoVzB,alejaandrapc
AlbertoTurrillo,alejaandrapc
Elenits6,alejaandrapc
DosAndaluzas,alejaandrapc
joseakasanche,alejaandrapc
Fran_Curro93,alejaandrapc
franco__rojas__,alejaandrapc
patri_espinosa7,alejaandrapc
albbbyta98_,alejaandrapc
borja161998,alejaandrapc
filipejuniorweb,alejaandrapc
J7TheKiller,alejaandrapc
ErreBe_,alejaandrapc
andres_ct4,alejaandrapc
Cristi_Bernal5,alejaandrapc
joseca_17,alejaandrapc
EleCGomez2,alejaandrapc
albamm28,alejaandrapc
alexchocoblanco,alejaandrapc
Rociioo001,alejaandrapc
votresourire_,alejaandrapc
OtroMas_esp,alejaandrapc
JuanPedrero98,alejaandrapc
_badvice,alejaandrapc
joselitotarifa,alejaandrapc
JesuleG10,alejaandrapc
YisusKhalifa,alejaandrapc
lauespinosaxx,alejaandrapc
MrDavidRubio,alejaandrapc
9Juakin,alejaandrapc
JoseeAntonio8,alejaandrapc
AlvaroHidalgoR,alejaandrapc
MJdelunares,alejaandrapc
shinshinilla,alejaandrapc
IvanMaarcos1,alejaandrapc
CanetDiaz,alejaandrapc
CarrlosJr10,alejaandrapc
GorrasAlhaurin,alejaandrapc
DarioRazing,alejaandrapc
Manu98Sanchez,alejaandrapc
Xiino97,alejaandrapc
samu_navarro97,alejaandrapc
IvaanArroyo10,alejaandrapc
1999_anamari,alejaandrapc
alenoguera06,alejaandrapc
miriimartin4,alejaandrapc
villenaalex2,alejaandrapc
naya_roberto,alejaandrapc
_BLoves,alejaandrapc
Yinhaojiee,alejaandrapc
adryan_sanchez,alejaandrapc
MrAlexisJR,alejaandrapc
_carlotasanchez,alejaandrapc
YeraySalas98,alejaandrapc
franvg23,alejaandrapc
lauraavilches,alejaandrapc
AliciaLozano188,alejaandrapc
miguelito_98_,alejaandrapc
GonzaHdez99,alejaandrapc
albertoxerez7,alejaandrapc
raulillo909,alejaandrapc
alesegovia_99,alejaandrapc
antonio_lape22,alejaandrapc
campusabinillas,alejaandrapc
AinoitaDiaz,alejaandrapc
Albaamorilla19,alejaandrapc
AyalaMarinitta,alejaandrapc
sofia_meedina,alejaandrapc
MariiaPerez22,alejaandrapc
marinarl10,alejaandrapc
maria_hb18,alejaandrapc
NawfalNadi03,alejaandrapc
jovenilicitano,alejaandrapc
jooeljekyll,alejaandrapc
xAniMJ_,alejaandrapc
CristianSWAAT,alejaandrapc
Albeertuki5,alejaandrapc
daniluque74,alejaandrapc
juanpiSalas08,alejaandrapc
_28enero,alejaandrapc
MariaamarquezG,alejaandrapc
DaaavidZL,alejaandrapc
CSabinillas,alejaandrapc
yolanda24315319,alejaandrapc
___ACR,alejaandrapc
lolitaol,alejaandrapc
patricia_steisy,alejaandrapc
PakoCentella_14,alejaandrapc
Lauramarchenav,alejaandrapc
yeahnavy_,alejaandrapc
CarlitoWasousky,alejaandrapc
JuanSierraRuiz,alejaandrapc
Israeeeel13,alejaandrapc
Caarmeliita,alejaandrapc
joakinmartin3,alejaandrapc
pilyae,alejaandrapc
Jorgitoofm,alejaandrapc
franrivera97,alejaandrapc
Alexbarreno97,alejaandrapc
Franvherrera97,alejaandrapc
juansella10,alejaandrapc
Morenito19_,alejaandrapc
ismaelHarrak2,alejaandrapc
MohamitoAessira,alejaandrapc
Basallote98,alejaandrapc
Albittaforttes,alejaandrapc
_albarn13,alejaandrapc
Anabelenmj_,alejaandrapc
SergioBLL,alejaandrapc
RAthOrMigA_73,alejaandrapc
Yarei99,alejaandrapc
Laura99Herrera,alejaandrapc
albertfuentes10,alejaandrapc
joseangomez321,alejaandrapc
juandiegorl17,alejaandrapc
Beeni018,alejaandrapc
VerGioRaper,alejaandrapc
rubiyo123,alejaandrapc
Neebilito,alejaandrapc
Joselitto_7,alejaandrapc
Estherferglez27,alejaandrapc
jesus6512,alejaandrapc
srtocaito,alejaandrapc
abelriscart,alejaandrapc
fernanditovera2,alejaandrapc
mariagarr_,alejaandrapc
GuilleLatorre1,alejaandrapc
AZAHARA_LOL,alejaandrapc
2Palacios96,alejaandrapc
Germaann19,alejaandrapc
CaarmenRoojas,alejaandrapc
davilitogarcia6,alejaandrapc
Antooniio15,alejaandrapc
AnttonioSerrano,alejaandrapc
paulajurado_16,alejaandrapc
alex_aliaga14,alejaandrapc
MrAlvaroRomero,alejaandrapc
Josema8Gallego,alejaandrapc
_javimena,alejaandrapc
OficialTriana,alejaandrapc
ledes64,alejaandrapc
RobeCarlosMM,alejaandrapc
Luzmiita97,alejaandrapc
ElePaya,alejaandrapc
UnPuto_CHULO,alejaandrapc
RocioCoello12,alejaandrapc
Ojeedaa17,alejaandrapc
NazarethRivera3,alejaandrapc
MariiaCampos01,alejaandrapc
chico_diferent,alejaandrapc
ChicaEspesial_,alejaandrapc
ConUdeUniica,alejaandrapc
agustincortabar,alejaandrapc
rubeenciittoo,alejaandrapc
nicotikotiko,alejaandrapc
angelfernande7,alejaandrapc
JaviliyoSalas,alejaandrapc
juanmiitatuseet,alejaandrapc
BayronCarrillo1,alejaandrapc
olivamuga,alejaandrapc
yohannavazquezr,alejaandrapc
JosemiiPrimce,alejaandrapc
Itina446,alejaandrapc
AlbiRodriLFiest,alejaandrapc
nando_espina10,alejaandrapc
Currort99,alejaandrapc
jersonestebanva,alejaandrapc
montsecorrero1,alejaandrapc
Josemii_Benitez,alejaandrapc
BreeendaSanchez,alejaandrapc
AlexisJr9,alejaandrapc
eladriFH,alejaandrapc
Carlosarce03,alejaandrapc
jaimeersarrias,alejaandrapc
3Diegoruiz,alejaandrapc
ramoncantudo_69,alejaandrapc
cristianmunoz_5,alejaandrapc
marina_2018,alejaandrapc
JavierPazVega,alejaandrapc
PrinceDeejeey,alejaandrapc
malenaa30,alejaandrapc
franciscoomv,alejaandrapc
Juankaa91,alejaandrapc
albba_24,alejaandrapc
IraidaGemeliers,alejaandrapc
Gil99027,alejaandrapc
Pedritooliva,alejaandrapc
pablo__gm,alejaandrapc
Davidvallejo00,alejaandrapc
Victito_cM,alejaandrapc
alehandrafosela,alejaandrapc
marlonsanabria0,alejaandrapc
cristian6sl,alejaandrapc
OmaimaGomez,alejaandrapc
lauraruiz1278,alejaandrapc
TamaritXico8,alejaandrapc
biadonaidi,alejaandrapc
maria14_99,alejaandrapc
MiTweetDeAmor,alejaandrapc
10Taraguilla,alejaandrapc
GarciMtg,alejaandrapc
melli912,alejaandrapc
carmelita18ruii,alejaandrapc
brxkenpromises_,alejaandrapc
silvitaMoliina,alejaandrapc
NanethGarcia,alejaandrapc
MariaMP12345,alejaandrapc
RobertoLopez92,alejaandrapc
carmenra14,alejaandrapc
anabel_gazquez,alejaandrapc
lidiaswimmer,alejaandrapc
BarbaraHerves,alejaandrapc
paulaobac,alejaandrapc
montsee_18,alejaandrapc
MARIARONCEROO,alejaandrapc
SandryILoveYou,alejaandrapc
tatianaorozco99,alejaandrapc
MorataCarmen,alejaandrapc
martita29_,alejaandrapc
ire_sastre13,alejaandrapc
Gv8Laura,alejaandrapc
LidiaPrades,alejaandrapc
princepe_azul,alejaandrapc
m_de_musica,alejaandrapc
Curro_ezio,alejaandrapc
IvanDelCan,alejaandrapc
josemoya50019,alejaandrapc
juanzamora_02,alejaandrapc
mariacorsol,alejaandrapc
AnkitaPeque,alejaandrapc
tatisillero00,alejaandrapc
er_rafita2424,alejaandrapc
Brwwyan,alejaandrapc
mati__29,alejaandrapc
albakiss97,alejaandrapc
stephaniie0204,alejaandrapc
Jimenato22,alejaandrapc
navarritobaen97,alejaandrapc
raquelgonzc29,alejaandrapc
DAVILITONKM,alejaandrapc
aliisiiaduarte,alejaandrapc
albatrelsous,alejaandrapc
LidiaGarciaRios,alejaandrapc
Kittyxula,alejaandrapc
adrilianxy,alejaandrapc
soycarbon,alejaandrapc
Videojuegos247,alejaandrapc
carlosguti_99,alejaandrapc
manuelitta67,alejaandrapc
dg862,alejaandrapc
lidiadominjor,alejaandrapc
CCA_BeFluent,alejaandrapc
luiismiipeerez,alejaandrapc
lilymengil,alejaandrapc
andreaductor26,alejaandrapc
ISAALBADALEJO,alejaandrapc
DaniielTorrejon,alejaandrapc
YoliGonzalezRom,alejaandrapc
mateoalvaro00,alejaandrapc
_karenvalverde,alejaandrapc
cozar95,alejaandrapc
adrii15ZZ,alejaandrapc
MuLaurita,alejaandrapc
susanag619,alejaandrapc
Alessito_12,alejaandrapc
Mariasancheez22,alejaandrapc
RBTCWensTRodri,alejaandrapc
jflasso_,alejaandrapc
marina_sm00,alejaandrapc
PabloAmores11,alejaandrapc
ZodiacoHoy,alejaandrapc
Crismg98_,alejaandrapc
EmmaVFernandez,alejaandrapc
Martuullaa,alejaandrapc
gonzaloakacomi,alejaandrapc
VirginiiaAT,alejaandrapc
pabloalboran,alejaandrapc
_danielmartin_,alejaandrapc
Rafa_Espino,alejaandrapc
