almohipola1,jerreramarcia
1KJenner,almohipola1
TerhzaziAmor,almohipola1
_portv,almohipola1
Greenflagt,almohipola1
Albasanchez_r,almohipola1
pablitosr9,almohipola1
suntuit,almohipola1
XPengMotors,almohipola1
mianrey,almohipola1
hastalosfogones,almohipola1
pauums2,almohipola1
Manuglv1,almohipola1
hairlossclinic1,almohipola1
Gijon10,almohipola1
Daniel24500623,almohipola1
Ross_Martinez_,almohipola1
frases365tw,almohipola1
mari_gr00,almohipola1
GorditoGatito2,almohipola1
maryaru_,almohipola1
dgmmmm11,almohipola1
juaanca99,almohipola1
Sufiii99,almohipola1
asassddfggk,almohipola1
alezamest,almohipola1
_pedromacias1,almohipola1
Rau_RS21,almohipola1
jesusgaliano28,almohipola1
Muhamad1Z,almohipola1
juanjesuarez01,almohipola1
AZTROH1X,almohipola1
Juan_rh29,almohipola1
daviid_jimeenez,almohipola1
sexu4I,almohipola1
DerwinPrieto,almohipola1
SexualMoodx,almohipola1
ilustracionxs,almohipola1
lamafiadelove,almohipola1
TocarySentir,almohipola1
mirandajmnz,almohipola1
NatosyWaor,almohipola1
IndirectasRock,almohipola1
agloe00,almohipola1
fvckluvxX,almohipola1
Pabloquero24,almohipola1
horoscopgeminis,almohipola1
WaorYNatos_,almohipola1
bobeeeeeee_,almohipola1
HoroscopoBrutal,almohipola1
javiereteee1,almohipola1
geminis_hn,almohipola1
kukkkit,almohipola1
lauraruicer_,almohipola1
Gabiimartos,almohipola1
UnChavalNormal,almohipola1
Hm17Naufel,almohipola1
sergiobenite_,almohipola1
vilches_alberto,almohipola1
Basallote98,almohipola1
RecuerdameBot,almohipola1
esperanzalp2,almohipola1
bigtiddiejjk,almohipola1
elenacanizares_,almohipola1
aaniitaa1431,almohipola1
Lidiapvargas_05,almohipola1
agnesxgez,almohipola1
SoyGrovyle,almohipola1
bobbaangel99,almohipola1
MiriamGomez26,almohipola1
saraespinosa_03,almohipola1
LahsenYassin,almohipola1
mariiaasaez_,almohipola1
jesuscruz00,almohipola1
Albaasb01,almohipola1
IreneBascn1,almohipola1
d_jdrr,almohipola1
clarke17C,almohipola1
N_Lancellotti8,almohipola1
Juanpefhm,almohipola1
Paolaramoos_,almohipola1
Rubenmillanes13,almohipola1
Juanmagarcia_8,almohipola1
truelovepo,almohipola1
paulalopz9,almohipola1
DaniFdez,almohipola1
xmariaen,almohipola1
ixaacx8,almohipola1
Albertounil,almohipola1
miriamtrujillo_,almohipola1
ana_mglm,almohipola1
Gordito_Perrito,almohipola1
rafadelrio01,almohipola1
saritx_,almohipola1
martinasalazarp,almohipola1
jairo_2001,almohipola1
Papirrona,almohipola1
aliii_jl,almohipola1
marcy26_,almohipola1
stellabentz,almohipola1
YasminaAlvarezA,almohipola1
Anaagc2001,almohipola1
javfdezz,almohipola1
nuriaabr,almohipola1
Mariaegeac,almohipola1
rosileaal,almohipola1
maarivt,almohipola1
felepudo_vi,almohipola1
nxnere,almohipola1
Bruno_8893,almohipola1
Martavelazquez0,almohipola1
hugomateo_,almohipola1
uncanariomenos,almohipola1
ineees16,almohipola1
Albacarrasco111,almohipola1
Belyrodrii,almohipola1
Claaradelgado_,almohipola1
_jakefernandes_,almohipola1
cynthii_morales,almohipola1
paulicr_,almohipola1
teresarag01,almohipola1
Eliaacs8,almohipola1
Sergiogalaan,almohipola1
_claubarranco,almohipola1
alejandraml0156,almohipola1
Nolitss,almohipola1
edu_ramireez10,almohipola1
Brkn_Home,almohipola1
Teresaal21,almohipola1
Alonsitomr,almohipola1
josecarlotw,almohipola1
guihrm00,almohipola1
RezaIndara,almohipola1
PaolafdezYT,almohipola1
_samanthagg,almohipola1
albasnchezz,almohipola1
mss_gmm,almohipola1
marina_guerrer0,almohipola1
eugeniopuerto99,almohipola1
PerezLuis_98,almohipola1
evarome21,almohipola1
rufsure,almohipola1
YourAnonOne,almohipola1
mineh00e,almohipola1
aliciaaguerrer,almohipola1
EduJaenRomero1,almohipola1
MariaMancera03,almohipola1
diegonaide_,almohipola1
_motiii21,almohipola1
ramoncs_,almohipola1
raqueel__01,almohipola1
21SoniaSR,almohipola1
gonzzalo_gr,almohipola1
cristinaro06,almohipola1
besandotualma,almohipola1
elenagallegoq,almohipola1
moonlightmaraa,almohipola1
rduqueg_,almohipola1
miguelortega_10,almohipola1
jerreramarcia,almohipola1
Jesusmesa25,almohipola1
mgm_1606,almohipola1
jorgemuunoz,almohipola1
bifruuuu_,almohipola1
cmm30_,almohipola1
maartavaazquez_,almohipola1
Harry_Potter_TM,almohipola1
itaraxx,almohipola1
yolanda24315319,almohipola1
albirodri_7058,almohipola1
aleclaver10,almohipola1
Vidal_Golosinas,almohipola1
nerg02,almohipola1
tuescudo,almohipola1
jesuscorbacho01,almohipola1
JonGlez_,almohipola1
daviidfdez20,almohipola1
NooeGutiGarci,almohipola1
Arevalito10,almohipola1
islucix,almohipola1
juanca_vallee,almohipola1
minotificacion,almohipola1
Siiara9,almohipola1
EtsPrevencion,almohipola1
justinbieber,almohipola1
fabiana001_,almohipola1
dalialeivatorre,almohipola1
zaynmalik,almohipola1
LiamPayne,almohipola1
Louis_Tomlinson,almohipola1
Harry_Styles,almohipola1
NiallOfficial,almohipola1
onedirection,almohipola1
Tieneunpape,almohipola1
Albamfernandez,almohipola1
ZakiBakouri,almohipola1
Vitalisioo,almohipola1
LuisJV93,almohipola1
CristiianMoRo,almohipola1
manu6sb,almohipola1
rafagallego29,almohipola1
PedroLopez351,almohipola1
alvaroclv,almohipola1
merrcadonna,almohipola1
Ireneatienzaca,almohipola1
albbarojass,almohipola1
martiitaalvarez,almohipola1
miguepecino17,almohipola1
m_toorres,almohipola1
lacasadepapel,almohipola1
Moonzort,almohipola1
infffame,almohipola1
albaroman0111,almohipola1
Hogwartssite,almohipola1
libertadDobby,almohipola1
alejandravp12_,almohipola1
joseluuu8,almohipola1
albbita24,almohipola1
anasg31,almohipola1
pablo_marchante,almohipola1
ramisco22_,almohipola1
isma2dr,almohipola1
lidiaaruizz_,almohipola1
Lidiaaasanchez,almohipola1
vctxxxr,almohipola1
AdrianBenitezC0,almohipola1
Malickgomez992,almohipola1
aguedariveera07,almohipola1
caarolpg11,almohipola1
flaviofdzz,almohipola1
anaju_,almohipola1
gerardcontilde,almohipola1
xhugocobox,almohipola1
joselito_gs10,almohipola1
estrellaalmagro,almohipola1
Rvfvrxiz,almohipola1
joel_LS,almohipola1
rubeenrodriguee,almohipola1
AleexRT09,almohipola1
emmityfdez,almohipola1
rvinss_,almohipola1
alonsosr_,almohipola1
MariaUbi,almohipola1
claudianavass,almohipola1
joseeandres10,almohipola1
SalvaGM18,almohipola1
Mouta07,almohipola1
Raulhp002,almohipola1
fabiolandrades_,almohipola1
Alonsosilva98,almohipola1
isabeelnd,almohipola1
andrearg17_,almohipola1
maariajesus00,almohipola1
alemachiinb,almohipola1
carrrmelo,almohipola1
inespuli,almohipola1
alexmmartin29,almohipola1
yordanfb9,almohipola1
mjesuadiazrami1,almohipola1
placidocubeero,almohipola1
Oscar_lnsider,almohipola1
b_ultimos,almohipola1
marietaa007,almohipola1
lauriitags,almohipola1
laufebe,almohipola1
igorherest,almohipola1
cristinacid19,almohipola1
Saritaescobarr,almohipola1
__mireeyaa,almohipola1
MarioHR31,almohipola1
MAMM_96,almohipola1
mariiabaladee,almohipola1
DaniJ_00,almohipola1
C_salas10,almohipola1
Paawla8,almohipola1
Ismaelruiiz_,almohipola1
SorayaDivanana,almohipola1
GuilleIslan,almohipola1
desquiciadisimo,almohipola1
offNabil,almohipola1
Laura88621739,almohipola1
patrivegaa_,almohipola1
yadhicr,almohipola1
lb_outofcontext,almohipola1
Carool03301404,almohipola1
Carolinadc0,almohipola1
AlgecirasOutOf,almohipola1
moniroca28,almohipola1
LnaRoss,almohipola1
angeles_diaz98,almohipola1
tamihdz19,almohipola1
deivddx,almohipola1
miiaa__12,almohipola1
yepe13_,almohipola1
paolaps_35,almohipola1
nereeaescaamez3,almohipola1
BaaaasyKz,almohipola1
noorabejamaya,almohipola1
mglezzz_,almohipola1
zekerlekker,almohipola1
albargomez17,almohipola1
mariaguiraado,almohipola1
13jrNee,almohipola1
laauuraa_21,almohipola1
caarol23,almohipola1
crstnespinosa,almohipola1
danielabtz,almohipola1
luciiahdezzzz,almohipola1
margutierrezjz,almohipola1
EstherAndrades1,almohipola1
natit01,almohipola1
Marttaga,almohipola1
Mrtarodriguez_,almohipola1
amld14_,almohipola1
LopeJoseluis,almohipola1
Miguepcino17,almohipola1
Carlosarce03,almohipola1
gory404,almohipola1
miriamcabas,almohipola1
macarenamd_99,almohipola1
Cotilleos_UGR_,almohipola1
Resiliencee_,almohipola1
lauurilb,almohipola1
martaduarte21,almohipola1
EstadoAlarmaBot,almohipola1
159tanisha,almohipola1
AlvaroCantudo15,almohipola1
inesvazquezmart,almohipola1
mariiia_palacin,almohipola1
Andreardrguez04,almohipola1
_paulaalpz,almohipola1
evagrc7,almohipola1
alexcg10_,almohipola1
luperdgzz,almohipola1
Martaaragon8,almohipola1
ligiahzamora,almohipola1
Javicabrera03,almohipola1
carmenrochax,almohipola1
Laupolaris,almohipola1
cristinavegass,almohipola1
AntoniiooPG,almohipola1
portu712,almohipola1
IvanMayor_97,almohipola1
_gloriagj,almohipola1
juanca987,almohipola1
JesuusMD7,almohipola1
Fini_golosinas,almohipola1
aliciamh_01,almohipola1
Caarmeliita,almohipola1
enriqueqa5,almohipola1
Guillermeto,almohipola1
terecel8,almohipola1
yadhiracasal,almohipola1
pableteGP,almohipola1
paaolaperea01,almohipola1
08Omy,almohipola1
patrisemirez30,almohipola1
its_jlgp,almohipola1
ana_alba13,almohipola1
quimicaPau,almohipola1
Rosaduarteb_,almohipola1
gonzalo2603,almohipola1
MarioOcGu,almohipola1
josemrioss,almohipola1
criistinaa_19,almohipola1
MariiaCampos01,almohipola1
rodryperez23,almohipola1
adriaanavm,almohipola1
emoxodemierda,almohipola1
JosemariGR_,almohipola1
dvdrm01,almohipola1
InmaChRo,almohipola1
Raulalvarez2302,almohipola1
gf12_alex,almohipola1
AliciaLozano188,almohipola1
noeliagr33,almohipola1
natalianc17_,almohipola1
LauGil99,almohipola1
pedriito_8_,almohipola1
MariaAlba99,almohipola1
DanielMelgarDua,almohipola1
nataliaorozcog,almohipola1
malickgomez99,almohipola1
cristinahr_,almohipola1
lavecinarubia,almohipola1
bebi_fernandez,almohipola1
Luucia_Nb,almohipola1
albaadg_,almohipola1
Cavita93,almohipola1
81Paulitaleon,almohipola1
maaariiiaa_06,almohipola1
carlos_fdez_,almohipola1
StefaniiaEM,almohipola1
Abeelruuiz,almohipola1
paulacantudo,almohipola1
santialcn,almohipola1
le_pensevr,almohipola1
MiguelPetisme,almohipola1
pilyae,almohipola1
lorenzolobato98,almohipola1
cristinasalas01,almohipola1
bloodyblody,almohipola1
paam09_,almohipola1
nickztqb,almohipola1
0_oravlA,almohipola1
Clauudiap_01,almohipola1
Franvherrera97,almohipola1
JaimeSarrias,almohipola1
minervamr_99,almohipola1
mariiagnzlez,almohipola1
irenespinosa20,almohipola1
Paolamq00,almohipola1
lucy_targaryen,almohipola1
ellimitedelmal,almohipola1
Hastaluegoo_,almohipola1
nereamontero99,almohipola1
GABRIGP94,almohipola1
CdMontera9,almohipola1
angeladh9,almohipola1
shxwtybaby,almohipola1
pabloespinosa_4,almohipola1
carlelux,almohipola1
RixanMontana_47,almohipola1
martafs_00,almohipola1
pablo_parody,almohipola1
nurrwolf,almohipola1
darioga77_dario,almohipola1
SrtaOviedo_,almohipola1
CharoMarin99,almohipola1
srosano00,almohipola1
salimalmir,almohipola1
mileniunm,almohipola1
compux72,almohipola1
calventix,almohipola1
anaines_25,almohipola1
andreaductor27,almohipola1
ylenita_14,almohipola1
miborra53,almohipola1
Caroolinaa19_,almohipola1
albasarmiento00,almohipola1
cristinagonz021,almohipola1
mariahzz02,almohipola1
xaxosoyunpunki,almohipola1
angel_alvzz,almohipola1
adrianreinosa01,almohipola1
Nuuriatorres_,almohipola1
martita29_,almohipola1
maria14_99,almohipola1
alejaandrapc,almohipola1
Martamherrera15,almohipola1
ivaancabezaa,almohipola1
cpg08_,almohipola1
anazamorac_,almohipola1
GonzaHdez99,almohipola1
jpelaez_m,almohipola1
Laauri_00,almohipola1
albachico02,almohipola1
olgasanchez17_,almohipola1
Angelasardaa00,almohipola1
YenevaE,almohipola1
SolamenteVlady,almohipola1
gabrirocha00,almohipola1
paaola_fdez,almohipola1
MarioMT99,almohipola1
marisrub,almohipola1
maariacorbacho,almohipola1
nataliainfant12,almohipola1
alvaroej07,almohipola1
Phipola12,almohipola1
David_Sk8RP,almohipola1
Manfreed187,almohipola1
DaniielTorrejon,almohipola1
roocj23,almohipola1
pbrvxla511,almohipola1
nicolaszta991,almohipola1
FrasesMadeSpain,almohipola1
laiz_diego,almohipola1
Enfermera_Madri,almohipola1
manuegiil,almohipola1
juanitoo42,almohipola1
franesq_,almohipola1
carmenrelinque8,almohipola1
bryanrodrigue00,almohipola1
SrAlvarez007,almohipola1
alejandriitaa48,almohipola1
jmlirio14,almohipola1
fatimaperea19,almohipola1
ArnauMarin9,almohipola1
Claraabs_09,almohipola1
cientefico,almohipola1
Pblo00,almohipola1
a_cantudo11,almohipola1
JuanmyLA,almohipola1
Victitojimenez_,almohipola1
luciacarrascogg,almohipola1
Abeelruuiz1,almohipola1
jesusrj1236,almohipola1
Defreds,almohipola1
iagocampa,almohipola1
mts_27_,almohipola1
Dellafuente_,almohipola1
manupinto14,almohipola1
7antoniogr,almohipola1
5maurijurado,almohipola1
mmariacampos_,almohipola1
Josemag7_,almohipola1
IArconada,almohipola1
Laura99Herrera,almohipola1
mrj2301,almohipola1
D_Perez98,almohipola1
GonPadilla_05,almohipola1
aroavaldivia,almohipola1
Mariasancheez22,almohipola1
Alex_moya166,almohipola1
pilarhdezz,almohipola1
Jorgevg_33,almohipola1
_tumae,almohipola1
paulabarcia_,almohipola1
Ped_1711,almohipola1
claudiads00,almohipola1
andreaponce_15,almohipola1
juanfrangu8,almohipola1
_L_X_F__,almohipola1
Antoniooliver08,almohipola1
marta_agredano,almohipola1
adeaitanaiugh,almohipola1
Cristinasr34,almohipola1
carmensitttt,almohipola1
pequexiv,almohipola1
alehandrafosela,almohipola1
raquelgonzc29,almohipola1
susanag618_,almohipola1
joseluisphotos,almohipola1
magic_cristo,almohipola1
sebascb09,almohipola1
cristinarc23,almohipola1
HoMj069,almohipola1
Rociioo001,almohipola1
aguileera05,almohipola1
gonnzalechon,almohipola1
anabel_gazquez,almohipola1
vii15_,almohipola1
Carmen_correro,almohipola1
laurarodcas_,almohipola1
anaadominguez_,almohipola1
evaa28_,almohipola1
ana_gil151,almohipola1
healingfroy,almohipola1
LitronaPapi,almohipola1
Floreeen0,almohipola1
yimijopkin,almohipola1
NandoGarcia15,almohipola1
Martacsalas,almohipola1
Lau_MartinezH,almohipola1
AbelPecino97,almohipola1
sofiasotoc,almohipola1
santialexjunior,almohipola1
TutiBeneroso,almohipola1
GabryGarcy,almohipola1
luisSG5,almohipola1
ritamarquez99,almohipola1
JuanGonz9911,almohipola1
tonimuunoz,almohipola1
JorgeMT2,almohipola1
pabloamores00,almohipola1
Currort99,almohipola1
ro_m_m1,almohipola1
NurGomez17,almohipola1
Iratxegarci_,almohipola1
josem_ovi,almohipola1
