CristiianMoRo,jerreramarcia
laraapaulaa,CristiianMoRo
jonimr1606,CristiianMoRo
Angelasardaa00,CristiianMoRo
tingurzz,CristiianMoRo
Plan_INFOCA,CristiianMoRo
Aleexandra__99,CristiianMoRo
miriamcabas,CristiianMoRo
Maite397,CristiianMoRo
_pedromacias1,CristiianMoRo
Anagomez18_,CristiianMoRo
labhmmm,CristiianMoRo
pablisanchez99,CristiianMoRo
A3Noticias,CristiianMoRo
pjzr5,CristiianMoRo
elenacalvente,CristiianMoRo
Gordo_Master,CristiianMoRo
RoCampos40816,CristiianMoRo
Brechita11,CristiianMoRo
iFireMonkey,CristiianMoRo
HYPEX,CristiianMoRo
Fortnite_ES,CristiianMoRo
zulili08,CristiianMoRo
paola71781664,CristiianMoRo
agnesxgez,CristiianMoRo
RguezzAle,CristiianMoRo
lougm_00,CristiianMoRo
luciaavillalba_,CristiianMoRo
dessfz,CristiianMoRo
MarinAlvarez_21,CristiianMoRo
_L_X_F__,CristiianMoRo
spoksponha,CristiianMoRo
MartinezPecino,CristiianMoRo
Nolitss,CristiianMoRo
martiduar,CristiianMoRo
David07051859,CristiianMoRo
PabloLagares8,CristiianMoRo
antoniovr97,CristiianMoRo
Mariamrqz18,CristiianMoRo
mariadonncel,CristiianMoRo
nastigirI,CristiianMoRo
alonsosr_,CristiianMoRo
anacenteno02_,CristiianMoRo
ManuelBartual,CristiianMoRo
Caroliinaa077,CristiianMoRo
_sandraeme,CristiianMoRo
Juan_rh29,CristiianMoRo
aliguerra17_,CristiianMoRo
srosano00,CristiianMoRo
YasminaAlvarezA,CristiianMoRo
eesteelaa23_,CristiianMoRo
_pauulaa23,CristiianMoRo
Fatima__rima,CristiianMoRo
nurrwolf,CristiianMoRo
juliadereuver_,CristiianMoRo
akaLITTLEPEPE,CristiianMoRo
crisgarcia_28,CristiianMoRo
_pauliidiaz,CristiianMoRo
Martaaragon8,CristiianMoRo
albargomez17,CristiianMoRo
Floreeen0,CristiianMoRo
noeliarico8,CristiianMoRo
lauramontescar,CristiianMoRo
esthergg8,CristiianMoRo
tatianaacerroo4,CristiianMoRo
sarapareja16,CristiianMoRo
natit01,CristiianMoRo
__mariadguez,CristiianMoRo
_anaespinosa_,CristiianMoRo
faatisanchez18,CristiianMoRo
nereeits2,CristiianMoRo
ceeliahr12,CristiianMoRo
Clauudiap_01,CristiianMoRo
EncarniHig,CristiianMoRo
maariajuncal,CristiianMoRo
Adrianaa166_,CristiianMoRo
Paolamq00,CristiianMoRo
Anaolimelg,CristiianMoRo
KiniCorrero,CristiianMoRo
NurGomez17,CristiianMoRo
mmariacampos_,CristiianMoRo
mgm_1606,CristiianMoRo
PedroFerreir17,CristiianMoRo
patri_xomx,CristiianMoRo
pablo_marchante,CristiianMoRo
Carmen_correro,CristiianMoRo
pedroberenguer,CristiianMoRo
almohipola1,CristiianMoRo
salimalmir,CristiianMoRo
crismbe9,CristiianMoRo
andreaponce_15,CristiianMoRo
nereamontero99,CristiianMoRo
Andrea_R_A_,CristiianMoRo
pilarhdezz,CristiianMoRo
oscarfdez11_,CristiianMoRo
pafeee99,CristiianMoRo
albarcuesta,CristiianMoRo
sofiafurse,CristiianMoRo
raquelitacd_17,CristiianMoRo
noeliagr33,CristiianMoRo
Caarmeliita,CristiianMoRo
alejaandrapc,CristiianMoRo
Titofuli10,CristiianMoRo
carlelux,CristiianMoRo
GABRIGP94,CristiianMoRo
Alonsosilva98,CristiianMoRo
caarol23,CristiianMoRo
laraangelap,CristiianMoRo
caaarlaa27_,CristiianMoRo
ainhoaborregoo,CristiianMoRo
cristinarc23,CristiianMoRo
JaimeSarrias,CristiianMoRo
Manolo_g_i_97,CristiianMoRo
DanielMelgarDua,CristiianMoRo
lamussii,CristiianMoRo
Ped_1711,CristiianMoRo
albirodri_7058,CristiianMoRo
miguepecino17,CristiianMoRo
adriaanavm,CristiianMoRo
aalejandraa1919,CristiianMoRo
saritx_,CristiianMoRo
albbarojass,CristiianMoRo
YenevaE,CristiianMoRo
paaola_fdez,CristiianMoRo
limona0630,CristiianMoRo
Franaviles98,CristiianMoRo
pablofosela121,CristiianMoRo
rodryperez23,CristiianMoRo
josem_ovi,CristiianMoRo
claudiaFV26,CristiianMoRo
ElviraArminio00,CristiianMoRo
MariaAlba99,CristiianMoRo
margutierrezjz,CristiianMoRo
LidiaGarciaRios,CristiianMoRo
Vvivanco14_,CristiianMoRo
CharoMarin99,CristiianMoRo
adrianfuente97,CristiianMoRo
1999_anamari,CristiianMoRo
sebascb09,CristiianMoRo
Ismaelruiiz_,CristiianMoRo
Laura88621739,CristiianMoRo
sergioomorales_,CristiianMoRo
andrearg17_,CristiianMoRo
martita29_,CristiianMoRo
anabel_gazquez,CristiianMoRo
natalianc17_,CristiianMoRo
darioga77_dario,CristiianMoRo
Mariasancheez22,CristiianMoRo
lauramoyag7,CristiianMoRo
delriopozopaxu,CristiianMoRo
yohannavazquezr,CristiianMoRo
claudiacalente5,CristiianMoRo
mercedescarogon,CristiianMoRo
Oscarvar4,CristiianMoRo
ManuelCorrero1,CristiianMoRo
