crismbe9,jerreramarcia
nachocndl,crismbe9
lilcabeSa,crismbe9
ImHuungryy,crismbe9
MonicaCarrillo,crismbe9
dosfarma,crismbe9
angelmartin_nc,crismbe9
AndaluciaJunta,crismbe9
Wuolah,crismbe9
theEletoyourL,crismbe9
CdMontera9,crismbe9
claudiads00,crismbe9
sergioabads,crismbe9
Thunder1906,crismbe9
00hr00life,crismbe9
OthisiMobile,crismbe9
pablopolo98,crismbe9
jlopezmolina98,crismbe9
Lauraa_ls15,crismbe9
JBLQuantumESP,crismbe9
ceciarmy,crismbe9
thonygzIez,crismbe9
pbrvxla511,crismbe9
essiecgarcia,crismbe9
poramartinez,crismbe9
marialeonor1006,crismbe9
YasminaAlvarezA,crismbe9
BarberanSaul,crismbe9
santialexjunior,crismbe9
cristinamcg1,crismbe9
lubrewer14,crismbe9
Idraw_spb,crismbe9
samxvazquez,crismbe9
CristiianMoRo,crismbe9
MeowedOfficial,crismbe9
paulardrgz09,crismbe9
fatiromero13,crismbe9
DUALIPA,crismbe9
twitCADUS,crismbe9
SaludPublicaEs,crismbe9
paulagonu,crismbe9
AlexChiner,crismbe9
mariinma99,crismbe9
NatureVSCO,crismbe9
NatGeo,crismbe9
NASA,crismbe9
Eonante,crismbe9
Zendaya,crismbe9
lb_outofcontext,crismbe9
JorgeVG_99,crismbe9
sussooss,crismbe9
billieeilish,crismbe9
ierrejon,crismbe9
CapitanGramito,crismbe9
ToniAD24061,crismbe9
Alvarovb96,crismbe9
RafaelNadal,crismbe9
rogerfederer,crismbe9
Interstellar,crismbe9
Majarieguismo,crismbe9
HoyNoSeSale,crismbe9
MadStormrage,crismbe9
AnabelAlonso_of,crismbe9
Stranger_Things,crismbe9
AD_Spain,crismbe9
Saul_Barberan,crismbe9
jerreramarcia,crismbe9
_alexortega07,crismbe9
mtvspain,crismbe9
MarkElExperto,crismbe9
oscarfdez11_,crismbe9
imcalledhugo,crismbe9
hersimmar,crismbe9
martaot2018,crismbe9
elenacolladx,crismbe9
archillect,crismbe9
Anguiolinasotos,crismbe9
davidbroncano,crismbe9
tercosmicqueen,crismbe9
RaaulF17,crismbe9
GrumpyChains,crismbe9
escrig_pablo,crismbe9
claumacias01,crismbe9
miriamrmusic_,crismbe9
LiamHemsworth,crismbe9
chrishemsworth,crismbe9
RobertDowneyJr,crismbe9
ChrisEvans,crismbe9
emiliaclarke,crismbe9
GameOfThrones,crismbe9
alvarolangarita,crismbe9
NandoGarcia15,crismbe9
ManiFCK,crismbe9
jordievole,crismbe9
Christiannf10,crismbe9
marinareche_,crismbe9
_albxreche,crismbe9
natalialacunza,crismbe9
damionot2018,crismbe9
RealHughJackman,crismbe9
zaynmalik,crismbe9
ZacEfron,crismbe9
sabelamusic_,crismbe9
viickyylr99,crismbe9
rosalia,crismbe9
rihanna,crismbe9
andrewgertler,crismbe9
jtimberlake,crismbe9
heyzuluu,crismbe9
a_linar3s,crismbe9
javisnchzz,crismbe9
isma2dr,crismbe9
MartaJG99,crismbe9
merceditis2,crismbe9
ShawnAccess,crismbe9
HBOMaxES,crismbe9
NetflixES,crismbe9
Nithreel,crismbe9
Camila_Cabello,crismbe9
edsheeran,crismbe9
JohnMayer,crismbe9
charlieputh,crismbe9
MendesCrewInfo,crismbe9
ShawnMendes,crismbe9
heyenrik,crismbe9
auronplay,crismbe9
nereamontero99,crismbe9
ellaprotagonist,crismbe9
QuantumFracture,crismbe9
juanfrangu8,crismbe9
aranlogra,crismbe9
elisucku,crismbe9
aligvb,crismbe9
mateomaestro12,crismbe9
MAlberti98,crismbe9
Europarl_ES,crismbe9
lavecinarubia,crismbe9
bebi_fernandez,crismbe9
ETSASevilla,crismbe9
RoiMendez,crismbe9
cepedaoficial,crismbe9
Aitanax,crismbe9
Fini_golosinas,crismbe9
alex_riveiro,crismbe9
miguelmotab_,crismbe9
andreaponce_15,crismbe9
patri_xomx,crismbe9
cinereboot,crismbe9
IbaiLlanos,crismbe9
17berniii,crismbe9
martafs_00,crismbe9
unisevilla,crismbe9
guardiacivil,crismbe9
TravelVida,crismbe9
crisgarcia_28,crismbe9
15Morata,crismbe9
martita29_,crismbe9
franesq_,crismbe9
Jimenez_Delia99,crismbe9
__adri12__,crismbe9
ivivan98,crismbe9
minervamr_99,crismbe9
cristinarc23,crismbe9
albirodri_7058,crismbe9
nomi_______,crismbe9
KiniCorrero,crismbe9
AnaEspMra18,crismbe9
Mariasancheez22,crismbe9
yisucrist,crismbe9
criscantero17,crismbe9
__beadz,crismbe9
Borjinchinchi,crismbe9
tonimuunoz,crismbe9
Miriam1426,crismbe9
labhmmm,crismbe9
nereasanchez29,crismbe9
Carlos_Latre,crismbe9
instagram,crismbe9
policia,crismbe9
Pepe_ps11,crismbe9
pablo8fdz,crismbe9
Meelanicortes,crismbe9
maria14_99,crismbe9
wanitohd,crismbe9
mjmarin99,crismbe9
1999_anamari,crismbe9
jesusrj1236,crismbe9
SaulBarberan,crismbe9
XxLaiz,crismbe9
raquelgonzc29,crismbe9
JoseLu0904,crismbe9
MariaAlba99,crismbe9
alehandrafosela,crismbe9
albarcuesta,crismbe9
avenntx,crismbe9
mariaarroyorevu,crismbe9
noeliaguzman5,crismbe9
lauramoyag7,crismbe9
GonzaHdez99,crismbe9
Sergio_Ferrer19,crismbe9
El_Hormiguero,crismbe9
MiguelAngel_SJ,crismbe9
mariacesarea_ca,crismbe9
CharoMarin99,crismbe9
Mirymartin14,crismbe9
Maartinee12,crismbe9
MarioMT99,crismbe9
AlexRios75,crismbe9
MeCagUeEn11,crismbe9
JorgeMT2,crismbe9
MarioMT7,crismbe9
jose_luuuu,crismbe9
CristinaSodi09,crismbe9
MonHerrera1,crismbe9
MariaMP12345,crismbe9
Maria151012,crismbe9
Martarubio12,crismbe9
espegar4,crismbe9
ramoncitobetico,crismbe9
IreneGonz14,crismbe9
Mabi990,crismbe9
mss_gmm,crismbe9
BrunoMars,crismbe9
