darioga77_dario,jerreramarcia
TwFutbolOOC,darioga77_dario
yousraZyounate,darioga77_dario
ireenita23,darioga77_dario
fvtti_,darioga77_dario
PabloGuerr2,darioga77_dario
claumacias01,darioga77_dario
Maite397,darioga77_dario
adrimanso381,darioga77_dario
21josecp,darioga77_dario
Anagmacias1,darioga77_dario
HasbulIah,darioga77_dario
aanaortegaa_,darioga77_dario
alemoya166,darioga77_dario
pablodiazviolin,darioga77_dario
_pedromacias1,darioga77_dario
davidgf_09,darioga77_dario
miguelamores98,darioga77_dario
adriaanavm,darioga77_dario
VideojuegosGAME,darioga77_dario
EscenasANHQV,darioga77_dario
cristobalsoria,darioga77_dario
elenacalvente,darioga77_dario
sandraoccc,darioga77_dario
__verooo_,darioga77_dario
textoescrito_,darioga77_dario
lucia_j_garcia,darioga77_dario
pablo_marchante,darioga77_dario
JuankyRoman00,darioga77_dario
bell_ce8,darioga77_dario
JorgeCanto98,darioga77_dario
Juan_rh29,darioga77_dario
SergioRLeon00,darioga77_dario
YasminaAlvarezA,darioga77_dario
BarberanSaul,darioga77_dario
Adrianacs99,darioga77_dario
_josev24,darioga77_dario
antoniolv_14,darioga77_dario
Martarubio12,darioga77_dario
natit01,darioga77_dario
LauraFdez4,darioga77_dario
Caarmeliita,darioga77_dario
_ElenaVallejo,darioga77_dario
essegar__,darioga77_dario
_gloryr01,darioga77_dario
PaolafdezYT,darioga77_dario
lolamateo10_,darioga77_dario
BICHARRACOO,darioga77_dario
carlosorozcopod,darioga77_dario
klkmax,darioga77_dario
sabident_,darioga77_dario
cristinahr_,darioga77_dario
Josemag7_,darioga77_dario
claudianavass,darioga77_dario
RoCampos40816,darioga77_dario
CristiianMoRo,darioga77_dario
edunavas09,darioga77_dario
enriqueqa5,darioga77_dario
alejandravp12_,darioga77_dario
Saritabarop,darioga77_dario
lidiaaruizz_,darioga77_dario
Malickgomez992,darioga77_dario
User1o2ol,darioga77_dario
salvifdez99,darioga77_dario
AlejandroSaame1,darioga77_dario
andrearg17_,darioga77_dario
laauraorran,darioga77_dario
alonsosr_,darioga77_dario
paulajurado_16,darioga77_dario
anasg31,darioga77_dario
saritamartin22,darioga77_dario
Trm05_,darioga77_dario
albaroman0111,darioga77_dario
pablisanchez99,darioga77_dario
margutierrezjz,darioga77_dario
ElviraArminio00,darioga77_dario
maariadejd,darioga77_dario
luis_a_g17,darioga77_dario
raquelmontees_,darioga77_dario
a98b34d25a5e498,darioga77_dario
jesuscorbacho01,darioga77_dario
antoniio_gonz99,darioga77_dario
belenmcuello,darioga77_dario
ale_adiaz99,darioga77_dario
nurw0lf,darioga77_dario
nereamontero99,darioga77_dario
anacenteno02_,darioga77_dario
anabelenros_,darioga77_dario
Pauumaaartinez,darioga77_dario
Luciasf02,darioga77_dario
Anabel09972556,darioga77_dario
andreaarm9,darioga77_dario
_gloriagj,darioga77_dario
Alexbarreno10,darioga77_dario
Nuuriatorres_,darioga77_dario
alehandrafosela,darioga77_dario
islucix,darioga77_dario
pableteGP,darioga77_dario
clara_godino,darioga77_dario
Saul_Barberan,darioga77_dario
estherodriguezb,darioga77_dario
Luciavargass00,darioga77_dario
aridna42,darioga77_dario
72kilos,darioga77_dario
IvanMayor_97,darioga77_dario
terecel8,darioga77_dario
_sandraeme,darioga77_dario
GomarPaula,darioga77_dario
josemrioss,darioga77_dario
Martaaragon8,darioga77_dario
daaniedelgado97,darioga77_dario
Bernamr64,darioga77_dario
marialu96_,darioga77_dario
IbaiLlanos,darioga77_dario
alvarojaro_,darioga77_dario
maite4601,darioga77_dario
mariiagnzlez,darioga77_dario
criistinaa_19,darioga77_dario
paaola_fdez,darioga77_dario
jerreramarcia,darioga77_dario
mbenitez26,darioga77_dario
nurrwolf,darioga77_dario
ruben9basket,darioga77_dario
InmaChRo,darioga77_dario
almohipola1,darioga77_dario
irenespinosa20,darioga77_dario
albertovega00,darioga77_dario
Floreeen0,darioga77_dario
Nithreel,darioga77_dario
srosano00,darioga77_dario
LydiiaConY,darioga77_dario
Danilm99_,darioga77_dario
ajedre97,darioga77_dario
gabrirocha00,darioga77_dario
nickzt99,darioga77_dario
OriginalFunko,darioga77_dario
juanfrangu8,darioga77_dario
JaimeSarrias,darioga77_dario
mariahzz02,darioga77_dario
malickgomez99,darioga77_dario
malickgomez991,darioga77_dario
mmariacampos_,darioga77_dario
_L_X_F__,darioga77_dario
Mikelrt95,darioga77_dario
laiz_diego,darioga77_dario
ana_gil151,darioga77_dario
Carmenmaria9900,darioga77_dario
fabi2700,darioga77_dario
OscarSalazarRo4,darioga77_dario
andreaponce_15,darioga77_dario
nicolaszta,darioga77_dario
Cristinasr34,darioga77_dario
lucy_targaryen,darioga77_dario
Rubeen_80,darioga77_dario
imlobby,darioga77_dario
jrr_02,darioga77_dario
Iratxegarci_,darioga77_dario
Antoniooliver08,darioga77_dario
gimrichi,darioga77_dario
Ped_1711,darioga77_dario
IsmaelElHarrar,darioga77_dario
cpg08_,darioga77_dario
alejaandrapc,darioga77_dario
maariacorbacho,darioga77_dario
Angelasardaa00,darioga77_dario
iEntrenador,darioga77_dario
BreeendaSanchez,darioga77_dario
patri_xomx,darioga77_dario
claudiads00,darioga77_dario
Laauri_00,darioga77_dario
anaadominguez_,darioga77_dario
cristinarc23,darioga77_dario
UDLosBarrios_es,darioga77_dario
Inma71642757,darioga77_dario
raquelgonzc29,darioga77_dario
jesuliito9,darioga77_dario
laurarodcas_,darioga77_dario
GonPadilla_05,darioga77_dario
NurGomez17,darioga77_dario
lilymengil,darioga77_dario
Pedrito1117,darioga77_dario
JRamiirez13,darioga77_dario
dominicana_rd,darioga77_dario
daniluque99,darioga77_dario
_paablo06,darioga77_dario
josem_ovi,darioga77_dario
crist1810,darioga77_dario
AlvaroSF3,darioga77_dario
7antoniogr,darioga77_dario
n9noelia,darioga77_dario
daniloz93,darioga77_dario
crisgarcia_28,darioga77_dario
Currort99,darioga77_dario
esther_of27,darioga77_dario
FantasyLaLiga,darioga77_dario
lmprzz,darioga77_dario
SantiRico3,darioga77_dario
cristinagonz021,darioga77_dario
nickztqb,darioga77_dario
pedrit017,darioga77_dario
miriam_campos05,darioga77_dario
martinasalazarp,darioga77_dario
awaviva20,darioga77_dario
shxwtybaby,darioga77_dario
_tresska_,darioga77_dario
CharoMarin99,darioga77_dario
franciscoomv,darioga77_dario
bryanrodrigue00,darioga77_dario
pabloespinosa_4,darioga77_dario
mixprofes,darioga77_dario
magic_cristo,darioga77_dario
Alex_Gf12,darioga77_dario
carmenrelinque8,darioga77_dario
jpelaez_m,darioga77_dario
martafs_00,darioga77_dario
Martamherrera15,darioga77_dario
anabel_gazquez,darioga77_dario
Danieedelgado97,darioga77_dario
minervamr_99,darioga77_dario
juanitoo42,darioga77_dario
ylenita_14,darioga77_dario
RuizLaura12,darioga77_dario
olgasanchez17_,darioga77_dario
Manucrbacho,darioga77_dario
noeliarico8,darioga77_dario
__beadz,darioga77_dario
TeresaLlavero02,darioga77_dario
joaquincm15,darioga77_dario
yolanda24315319,darioga77_dario
marinaav16,darioga77_dario
mateoalvaro00,darioga77_dario
LizanaCelia,darioga77_dario
sebascb09,darioga77_dario
Jorgevg_33,darioga77_dario
albitamolina25,darioga77_dario
HoMj069,darioga77_dario
Paulitagr_,darioga77_dario
melanieamores98,darioga77_dario
Claucostilla23,darioga77_dario
Miguesanchez98,darioga77_dario
aguileera05,darioga77_dario
jemupita,darioga77_dario
DaniielTorrejon,darioga77_dario
Paulilii8,darioga77_dario
Carlagrise00,darioga77_dario
clau0407,darioga77_dario
martita29_,darioga77_dario
claudiaod2599,darioga77_dario
andreaductor27,darioga77_dario
AxelTorres,darioga77_dario
Gol,darioga77_dario
DjMaRiiO,darioga77_dario
AlexRios75,darioga77_dario
superni3l,darioga77_dario
santialcn,darioga77_dario
albirodri_7058,darioga77_dario
Davidvallejo00,darioga77_dario
Morenito19_,darioga77_dario
GabryGarcy,darioga77_dario
Mabi990,darioga77_dario
ZakiBakouri,darioga77_dario
susanag618_,darioga77_dario
JuanmyLA,darioga77_dario
pedriito_8_,darioga77_dario
franesq_,darioga77_dario
daniestart,darioga77_dario
B99fm,darioga77_dario
Estebii8,darioga77_dario
RocioCampos98,darioga77_dario
JavidelaJara_11,darioga77_dario
AnttonioSerrano,darioga77_dario
AntonioSFCD,darioga77_dario
CiprianoASF,darioga77_dario
auronplay,darioga77_dario
santialexjunior,darioga77_dario
AlbitaSM05,darioga77_dario
EscobarSalcedo,darioga77_dario
MantenteCurioso,darioga77_dario
JosemariGR_,darioga77_dario
pabloxerez11,darioga77_dario
ireneperez_99,darioga77_dario
JorgeMT2,darioga77_dario
Miriam1426,darioga77_dario
MarioMT99,darioga77_dario
IArconada,darioga77_dario
Franvherrera97,darioga77_dario
ivaancabezaa,darioga77_dario
lauramoyag7,darioga77_dario
petosagan,darioga77_dario
Luciacl17,darioga77_dario
criscantero17,darioga77_dario
MARIARONCEROO,darioga77_dario
ADaimiel,darioga77_dario
DaniCarvajal92,darioga77_dario
MarceloM12,darioga77_dario
isco_alarcon,darioga77_dario
AlvaroMorata,darioga77_dario
Jaos_98,darioga77_dario
fatimaacalvente,darioga77_dario
luisSG5,darioga77_dario
fertejerom,darioga77_dario
DANIROVIRA,darioga77_dario
LaLiga,darioga77_dario
Amador_Rivas,darioga77_dario
MrAncelotti,darioga77_dario
elchiringuitotv,darioga77_dario
jpedrerol,darioga77_dario
As_TomasRoncero,darioga77_dario
yohannavazquezr,darioga77_dario
saritabaro,darioga77_dario
alvaro5pg,darioga77_dario
JeseRodriguez10,darioga77_dario
Gunsjim1,darioga77_dario
Mariobf_98,darioga77_dario
Raul7Capitan7,darioga77_dario
Basallote98,darioga77_dario
ManuelGaliano4,darioga77_dario
lorenzo99,darioga77_dario
MundoContador,darioga77_dario
AnaEspMra18,darioga77_dario
Yinhaojiee,darioga77_dario
Lideres_Futbol,darioga77_dario
M0tivacionesF,darioga77_dario
FootballPics22,darioga77_dario
EseVideoViral,darioga77_dario
1999_anamari,darioga77_dario
wanitohd,darioga77_dario
fosela988,darioga77_dario
IkerCasillas,darioga77_dario
AdrianBandera9,darioga77_dario
5maurijurado,darioga77_dario
fernandito991,darioga77_dario
lizana77,darioga77_dario
PedritoLozano_8,darioga77_dario
anto_nio_99,darioga77_dario
Bernii_10,darioga77_dario
aletamarit4,darioga77_dario
kikefernandez99,darioga77_dario
11Futboleros,darioga77_dario
MotivacionesF,darioga77_dario
Currito_6,darioga77_dario
Futbol_Todo,darioga77_dario
Joselink5,darioga77_dario
MundoMaldini,darioga77_dario
GarethBale11,darioga77_dario
escupotwits,darioga77_dario
sergiorelin,darioga77_dario
TipsFutbol,darioga77_dario
MelaniOlivaresM,darioga77_dario
vanesa_romero,darioga77_dario
alo_oficial,darioga77_dario
SuperSarcasmo_,darioga77_dario
Alonsosilva98,darioga77_dario
marca,darioga77_dario
UEFAcom_es,darioga77_dario
diarioas,darioga77_dario
Juanmiita1999,darioga77_dario
Maria151012,darioga77_dario
XabiAlonso,darioga77_dario
andresiniesta8,darioga77_dario
Mariasancheez22,darioga77_dario
RalAlconchel,darioga77_dario
ritamarquez99,darioga77_dario
PaolaGuerra333,darioga77_dario
DanielMelgarDua,darioga77_dario
pilyae,darioga77_dario
DavidBasket8,darioga77_dario
nereasanchez29,darioga77_dario
raquelitacd_17,darioga77_dario
sofiasotoc,darioga77_dario
TutiBeneroso,darioga77_dario
JuanGonz9911,darioga77_dario
tonimuunoz,darioga77_dario
cristga98,darioga77_dario
SergioRamos,darioga77_dario
GUTY14HAZ,darioga77_dario
D_Perez98,darioga77_dario
noeliagr33,darioga77_dario
GABRIGP94,darioga77_dario
albertocontador,darioga77_dario
andy_murray,darioga77_dario
DavidFerrer87,darioga77_dario
DjokerNole,darioga77_dario
Cristiano,darioga77_dario
MesutOzil1088,darioga77_dario
realmadrid,darioga77_dario
RafaelNadal,darioga77_dario
AnnaSimonMari,darioga77_dario
CristiPedroche,darioga77_dario
3gerardpique,darioga77_dario
SSantiagosegura,darioga77_dario
