heyenrik,jerreramarcia
El_Hormiguero,heyenrik
perea____,heyenrik
antonioshzz,heyenrik
alex27moreno,heyenrik
MediaMarkt_es,heyenrik
rodrigochumbo_,heyenrik
Javito_Senpai,heyenrik
davidolivas,heyenrik
Loong_ct,heyenrik
jorgeramosval17,heyenrik
kirbymalibu,heyenrik
rosell_99,heyenrik
DaniJGonzalez_,heyenrik
balducastro,heyenrik
Alvarori_,heyenrik
ravxlo,heyenrik
rorubes,heyenrik
ShaniLaSanta,heyenrik
paelladeverdura,heyenrik
adrpm17_,heyenrik
zalezadrian,heyenrik
Whykalex,heyenrik
Luisjcano_04,heyenrik
aleeasecas,heyenrik
pablxcalderon,heyenrik
migwix,heyenrik
ordeptin,heyenrik
LosotrosHBD,heyenrik
milldollar_baby,heyenrik
kamchatka_es,heyenrik
arcaneshow,heyenrik
Cotilleos_UGRR,heyenrik
juacaperezz,heyenrik
ChiraGounellei,heyenrik
gaydepres,heyenrik
miusererachulo,heyenrik
Arkiss24,heyenrik
ACOGra,heyenrik
alexcanizares,heyenrik
clarissaward,heyenrik
SamanthaBallent,heyenrik
danirolar,heyenrik
serhumxno,heyenrik
antolpz25,heyenrik
Hypermegapollo,heyenrik
alekuruu,heyenrik
albertosalazar_,heyenrik
_yourboyjosh,heyenrik
jdejoshua_,heyenrik
taylordvasek,heyenrik
ajusticiaram_98,heyenrik
_lilmoony,heyenrik
paul_gt14,heyenrik
olympeabogados,heyenrik
alberto_bussi,heyenrik
Edurinx,heyenrik
manugxrci,heyenrik
Juan_rh29,heyenrik
ivjrml,heyenrik
alexxlozort,heyenrik
gay_reactions,heyenrik
CinamonSlut,heyenrik
alvaromartingmz,heyenrik
WorldOfWonder,heyenrik
Ismarandarroyo,heyenrik
pablomerinoj,heyenrik
Narovik,heyenrik
ZeusLaand,heyenrik
Guilhermebotico,heyenrik
NeptunesWhisper,heyenrik
MisterJagger_,heyenrik
RazerES,heyenrik
dunclaurence,heyenrik
lexxyquinn,heyenrik
malaguita97_,heyenrik
jesusodd,heyenrik
DragRaceEs,heyenrik
itsagittaria,heyenrik
hugaceo_cruji,heyenrik
dovimanurmi,heyenrik
CarmenFarala,heyenrik
iamthemacarena,heyenrik
Pepelu99_,heyenrik
IndecaBusiness,heyenrik
escar_gm,heyenrik
Trust_Spain,heyenrik
jxrge_agus,heyenrik
nickhernm,heyenrik
_pedromacias1,heyenrik
xmalesecret,heyenrik
PlayStationES,heyenrik
InstantGamingES,heyenrik
FranFT_91,heyenrik
NacongamingES,heyenrik
ludese_19,heyenrik
p0pularbay,heyenrik
nachovelaa,heyenrik
_ivaaan01,heyenrik
ayquehambre,heyenrik
PepitoTheCat,heyenrik
rubszn,heyenrik
arncts,heyenrik
Santigueerr,heyenrik
sergio12here,heyenrik
AlexCastleZ,heyenrik
Guiille1806,heyenrik
jpge,heyenrik
xxXElysiumXxx,heyenrik
samuelodevilas,heyenrik
HPEspana,heyenrik
DistortBot,heyenrik
AppAdoptMe,heyenrik
MeridiemGames,heyenrik
Manuu1997,heyenrik
Mochionfire1,heyenrik
HuionEspanol,heyenrik
JeffreeStar,heyenrik
andoni_casen,heyenrik
FinnWittrock,heyenrik
hernankanno,heyenrik
katya_zamo,heyenrik
edumartinn_,heyenrik
Reydelbosque_,heyenrik
ewanknightt,heyenrik
adricasilla19,heyenrik
KDA_MUSIC,heyenrik
TavioDani,heyenrik
franciiscs,heyenrik
Miguelft_,heyenrik
asopo1,heyenrik
__Avefenix__,heyenrik
juanmuxx,heyenrik
inigosantes,heyenrik
YasminaAlvarezA,heyenrik
MedranoMalo,heyenrik
arnau_raa,heyenrik
yuneeskh,heyenrik
jmpozzo,heyenrik
m0ishh,heyenrik
ToniRodriguz97,heyenrik
alejandromarc_r,heyenrik
SaenzMaikel,heyenrik
zaharanozara,heyenrik
rechiputa,heyenrik
soychris_vele,heyenrik
alexx_mp,heyenrik
lamalarancho,heyenrik
oscarpg98,heyenrik
Josemanu_mf,heyenrik
Emilio_pasan,heyenrik
pearliaison,heyenrik
g_parron9,heyenrik
lexboyd94,heyenrik
emanuelok99,heyenrik
4avalverde,heyenrik
pablozglez,heyenrik
varitt0,heyenrik
bethesda_ESP,heyenrik
bbva,heyenrik
abogabahiacadiz,heyenrik
galisteoaitor,heyenrik
Saintscrow,heyenrik
SoajeBrian,heyenrik
user30900220,heyenrik
Nueevee3,heyenrik
vmsquenosvms,heyenrik
marta_agredano,heyenrik
javitapia23,heyenrik
gonziser_,heyenrik
LGTBIGob,heyenrik
josequality_lnt,heyenrik
DarkAitor,heyenrik
ifYes_elseNo,heyenrik
badbixsamantha,heyenrik
jacobraul0,heyenrik
gonchix_,heyenrik
Vicen_Lives,heyenrik
Jooosepo,heyenrik
Siiara9,heyenrik
Jepllavayavadu,heyenrik
mematoquehago,heyenrik
acstruggletwts,heyenrik
alejandrogarrix,heyenrik
cooldieus,heyenrik
__iskrenost,heyenrik
MoisesAlfaro19,heyenrik
rausalia,heyenrik
bell_ce8,heyenrik
holy_moni,heyenrik
VideojuegosGAME,heyenrik
dxvidmartos,heyenrik
milknogs,heyenrik
3djuegos,heyenrik
tom_nooks_ho,heyenrik
TacoBellSpain,heyenrik
Adrimartin,heyenrik
Busta_Mx,heyenrik
joseepaardo,heyenrik
dsinc__,heyenrik
jxvit,heyenrik
gtleatherwood,heyenrik
grefusa,heyenrik
Nfortec_ES,heyenrik
Ubisoft_Spain,heyenrik
frikileria,heyenrik
xtralife_es,heyenrik
newskill_ES,heyenrik
JaleitoP,heyenrik
manuesillero,heyenrik
joaxhan,heyenrik
Mario_0rion,heyenrik
nosoienrique,heyenrik
kstfag,heyenrik
Nodramakid,heyenrik
miguelmoy_,heyenrik
Wasachowski,heyenrik
irualonsojordn,heyenrik
javidahlias,heyenrik
akajavierortega,heyenrik
leu_09,heyenrik
riachueloss,heyenrik
jmartinezalmei1,heyenrik
blondemort_,heyenrik
_carlosamat,heyenrik
DaanEspada,heyenrik
alexcorts23,heyenrik
wwjuanjo,heyenrik
angelrivivar,heyenrik
margutierrezjz,heyenrik
AlgecirasOutOf,heyenrik
MicrosoftAyuda,heyenrik
ImMalkah,heyenrik
Alex_mathh,heyenrik
lucaongarato,heyenrik
Juuanmedrano,heyenrik
BrianMoyano10,heyenrik
Aleejandrosa,heyenrik
josecuevasmart,heyenrik
dariioo_florido,heyenrik
ffrang2,heyenrik
itszzzeta,heyenrik
adrianictios,heyenrik
SandraRosano,heyenrik
tonyfuentesc,heyenrik
_melaniofficial,heyenrik
flos_of,heyenrik
currentnameuri,heyenrik
ririfentyspain,heyenrik
lilpapayaaa,heyenrik
InmaChRo,heyenrik
cokegines,heyenrik
mariaisabelAMQS,heyenrik
miguigarmar,heyenrik
Pacodelrey_,heyenrik
iglesias_random,heyenrik
RBW_MAMAMOO,heyenrik
l0la_menta,heyenrik
UnusualVideos,heyenrik
lvciliem,heyenrik
j0sean_,heyenrik
lucasmolina84,heyenrik
ruben_bravoo,heyenrik
vodafone_es,heyenrik
pen0so,heyenrik
manussnchezz,heyenrik
LXMLNS,heyenrik
_nicomd,heyenrik
smileerj,heyenrik
jximexv,heyenrik
mrcarana,heyenrik
Juanjo_Cano1,heyenrik
jesussm08,heyenrik
serank_,heyenrik
itshanonblue,heyenrik
louismimoro,heyenrik
4Dirty_Deeds,heyenrik
jerreramarcia,heyenrik
RIGGaming_es,heyenrik
Susi_Caramelo,heyenrik
Dexerto,heyenrik
DawidVelour,heyenrik
2805_jose,heyenrik
GretaThunberg,heyenrik
guillem_08,heyenrik
AleexSanchezM,heyenrik
guillelxx,heyenrik
adamxtyree,heyenrik
javiierasencio,heyenrik
varo_lpz,heyenrik
Nenarize1,heyenrik
badgalepe,heyenrik
Serchx__,heyenrik
JoseCarrillo99x,heyenrik
alvarogoga01,heyenrik
Dov_ah,heyenrik
EscenasANHQV,heyenrik
vixsgutierrez,heyenrik
rxbenredxn,heyenrik
FranGarcia_12,heyenrik
nuccinox,heyenrik
marioyeb,heyenrik
Juanmaarz_,heyenrik
InesRisotas,heyenrik
mariopdg,heyenrik
AbiPower,heyenrik
TigrilloTW,heyenrik
mjqromanz,heyenrik
jaavii__0013,heyenrik
itsjuanpals,heyenrik
MakinaYT,heyenrik
AliChaterSpain,heyenrik
yosolosoyeste,heyenrik
PlayApex,heyenrik
raulxch,heyenrik
artangelzs,heyenrik
MatiasIvan123,heyenrik
newt00_,heyenrik
NitorinS,heyenrik
ivlagoss,heyenrik
cristinacastano,heyenrik
saadel_m,heyenrik
bryantrls,heyenrik
evorongorota,heyenrik
mss_gmm,heyenrik
santtees,heyenrik
jcnanoo,heyenrik
rubiorg_,heyenrik
dgarc33,heyenrik
weareoneEXO,heyenrik
whosynd,heyenrik
vitindlg_,heyenrik
pequexiv,heyenrik
torresrv_,heyenrik
alexmdzz_,heyenrik
yungmalito,heyenrik
LilNasX,heyenrik
gines_mrc,heyenrik
WikoES,heyenrik
selmilan,heyenrik
miguelgomezz_,heyenrik
adricaloca,heyenrik
alexcoboo,heyenrik
Mario_4274,heyenrik
lgespana,heyenrik
eeelegc,heyenrik
zienteek,heyenrik
abuelayeye123,heyenrik
thesociety,heyenrik
