HoMj069,jerreramarcia
Lejoint1,HoMj069
Juanmotee,HoMj069
IbaiLlanos,HoMj069
RaquelMora09,HoMj069
paabloochoo,HoMj069
YourAnonOne,HoMj069
ExtraButter,HoMj069
melanieamores98,HoMj069
MementoMori_dnb,HoMj069
Michiffu31,HoMj069
ramoncs_,HoMj069
guihrm00,HoMj069
weedthotss,HoMj069
aguedariveera07,HoMj069
InspectorRaxeto,HoMj069
alvaroclv,HoMj069
Lamamipoligono,HoMj069
TacoBellSpain,HoMj069
gatitos_qctd,HoMj069
kemirastu_,HoMj069
Spursito,HoMj069
carrmenbs,HoMj069
elrow_,HoMj069
Jr_James11,HoMj069
_meicrosoft,HoMj069
carlelux,HoMj069
isaarmenta_,HoMj069
HardGaliza,HoMj069
RorroBarrancas,HoMj069
TamaritRocio,HoMj069
anoeses,HoMj069
gabrirocha00,HoMj069
NikitaDragun,HoMj069
noelenriquel,HoMj069
melolops,HoMj069
AlexaDemie,HoMj069
DreambeachFest,HoMj069
raqueel__01,HoMj069
pableteGP,HoMj069
nurw0lf,HoMj069
alvarocrespo21_,HoMj069
_imchambers,HoMj069
_Adrian93_,HoMj069
yakuzza_cat,HoMj069
_itsmianotmaya,HoMj069
danimarquez990,HoMj069
Big_Oli_,HoMj069
gonnzalechon,HoMj069
jerreramarcia,HoMj069
CurlishI,HoMj069
offensivemem3s_,HoMj069
Unexplained,HoMj069
Anabel09972556,HoMj069
pablofosela121,HoMj069
_eliasbendris,HoMj069
iamronniebanks,HoMj069
aliguerra17_,HoMj069
ColourPopCo,HoMj069
danielagomezz03,HoMj069
Msdonettes,HoMj069
adrianreinosa01,HoMj069
joakinmartin3,HoMj069
saritx_,HoMj069
81Paulitaleon,HoMj069
Paquizimo,HoMj069
miguepecino17,HoMj069
DaniGonz9,HoMj069
Carlosteiger,HoMj069
jaialv7,HoMj069
lorefernxndez,HoMj069
PBifo,HoMj069
pqriel__,HoMj069
Pablomartin_29,HoMj069
anaines_25,HoMj069
meaficio,HoMj069
DavidAF95,HoMj069
sergioomorales_,HoMj069
Tieneunpape,HoMj069
designdain,HoMj069
Joseangomez3212,HoMj069
_tumae,HoMj069
Sxicidxmomo,HoMj069
RoyJBlack,HoMj069
emoxodemierda,HoMj069
adriaanavm,HoMj069
claudiadc_,HoMj069
mariabhrq,HoMj069
Guillermeto,HoMj069
_silviaescobarm,HoMj069
nurrwolf,HoMj069
abelito_95,HoMj069
manuelgarces966,HoMj069
JahzielMeneses,HoMj069
Aniittah06,HoMj069
alexjota10,HoMj069
jose_lglesias,HoMj069
Vaanessita19,HoMj069
mariiagnzlez,HoMj069
josemrioss,HoMj069
Sofeeeeeea,HoMj069
Nerrnerea,HoMj069
MaryaGuillen97,HoMj069
Ayleeed,HoMj069
_thisismenow,HoMj069
daaniedelgado97,HoMj069
geralopez1395,HoMj069
alvaromt21,HoMj069
alvarojaro_,HoMj069
LitronaPapi,HoMj069
nachogomezz01,HoMj069
CEEGEEOTPC,HoMj069
jefera_2311,HoMj069
WaorYNatos_,HoMj069
FERNANDITOCOSTA,HoMj069
criistinaa_19,HoMj069
gonzalo2603,HoMj069
sergiohdezoliva,HoMj069
RiverosJhonny,HoMj069
sosadtoday,HoMj069
Ozeka_SNK,HoMj069
dvdrm01,HoMj069
InmaChRo,HoMj069
DiegoRuizz99,HoMj069
stabbed,HoMj069
agnesxgez,HoMj069
SrWeedSmoker,HoMj069
BurningOnAndOn,HoMj069
gabii_bm,HoMj069
almohipola1,HoMj069
albertovega00,HoMj069
Nithreel,HoMj069
ajedre97,HoMj069
nickztqb,HoMj069
pbrvxla511,HoMj069
ItsALilacSky,HoMj069
xaxosoyunpunki,HoMj069
anazamorac_,HoMj069
nicolaszta991,HoMj069
carmensitttt,HoMj069
JoseCarrillo99x,HoMj069
aubreeclarkk,HoMj069
msnina,HoMj069
loscigarriyos,HoMj069
mts_27_,HoMj069
rihanna,HoMj069
archillect,HoMj069
compux72,HoMj069
juanfrangu8,HoMj069
reeceking_,HoMj069
jesusrj1236,HoMj069
skinnyflakk,HoMj069
Jonathzn,HoMj069
JavidelaJara_11,HoMj069
mynameiisjeff,HoMj069
Anguiolinasotos,HoMj069
LouisVuitton,HoMj069
Barbasapiens,HoMj069
Manfreed187,HoMj069
hassan_jm97,HoMj069
malickgomez99,HoMj069
CruzCafune,HoMj069
_L_X_F__,HoMj069
claudiads00,HoMj069
c_tangana,HoMj069
_BLoves,HoMj069
_anitadz,HoMj069
laiz_diego,HoMj069
yadhicr,HoMj069
dversadi,HoMj069
bad_gyal_pussy,HoMj069
Miy6h,HoMj069
kaze_cartagena,HoMj069
sogeculebra1,HoMj069
andreaponce_15,HoMj069
Vitalisioo,HoMj069
Dellafuente_,HoMj069
Cristinasr34,HoMj069
ylenita_14,HoMj069
TooFaced,HoMj069
nereasanchez29,HoMj069
Titofuli10,HoMj069
AlexRios75,HoMj069
7antoniogr,HoMj069
marta_agredano,HoMj069
cpg08_,HoMj069
tydollasign,HoMj069
pabloamores00,HoMj069
aguileera05,HoMj069
awaviva20,HoMj069
Sabrina_Campoy,HoMj069
MrDanisin,HoMj069
guyu18_,HoMj069
alexmorales_8,HoMj069
santialcn,HoMj069
Angelasardaa00,HoMj069
gimrichi,HoMj069
Drake,HoMj069
natisanabria203,HoMj069
_evitabeneroso,HoMj069
villamairena,HoMj069
JaviOrtega07,HoMj069
PsicodelicoGifs,HoMj069
magic_cristo,HoMj069
pilyae,HoMj069
anabel_gazquez,HoMj069
fabi2700,HoMj069
bryanrodrigue00,HoMj069
franrivera97,HoMj069
albasarmiento00,HoMj069
yimijopkin,HoMj069
ceeliiaa_22,HoMj069
ana_gil151,HoMj069
miniaturetats,HoMj069
_claubarranco,HoMj069
josecarlos2203,HoMj069
rafadiario,HoMj069
olgasanchez17_,HoMj069
juanitoo42,HoMj069
IVAANARROYO11,HoMj069
lmprzz,HoMj069
JorgeCanto98,HoMj069
Danieedelgado97,HoMj069
NEEspinosa_13,HoMj069
Laura99Herreraa,HoMj069
5maurijurado,HoMj069
vickycarrillorc,HoMj069
MrsActimel,HoMj069
vii15_,HoMj069
RosexGlow,HoMj069
arantxita18_,HoMj069
RayanLoctite,HoMj069
juancarrillogom,HoMj069
mgm_1606,HoMj069
xDani1996,HoMj069
melaniaag99,HoMj069
edunavarro9,HoMj069
minervamr_99,HoMj069
nicolasfdez98,HoMj069
Noelia0226,HoMj069
HugoPuerta,HoMj069
estremecernos,HoMj069
LidiaGarciaRios,HoMj069
paulabarcia_,HoMj069
Martamherrera15,HoMj069
Alex_Gf12,HoMj069
PabloAmores11,HoMj069
AbelPecino97,HoMj069
Alberto_EZ,HoMj069
m_aIejandra_,HoMj069
GarciMtg,HoMj069
anaadominguez_,HoMj069
Miriam1426,HoMj069
mariagarr_,HoMj069
MTamarit8,HoMj069
manuegiil,HoMj069
adrianfuente97,HoMj069
Sergio93133528,HoMj069
_FameCA,HoMj069
santialexjunior,HoMj069
darioga77_dario,HoMj069
judithalonso_01,HoMj069
elenitis98,HoMj069
albitamolina25,HoMj069
oliviita3,HoMj069
maria14_99,HoMj069
realidax,HoMj069
celiacubiella10,HoMj069
SergiMas2,HoMj069
pazmentaal,HoMj069
nanote00,HoMj069
lauespinosaxx,HoMj069
_tresska_,HoMj069
ElMirreyCursi,HoMj069
AlvaroSF3,HoMj069
ivaancabezaa,HoMj069
_lberzerk,HoMj069
JaimeSancheez1,HoMj069
sebascb09,HoMj069
JRamiirez13,HoMj069
Carlagrise00,HoMj069
LizanaCelia,HoMj069
Iratxegarci_,HoMj069
almohipola,HoMj069
cristinarc23,HoMj069
martitaquero,HoMj069
franesq_,HoMj069
joseluisphotos,HoMj069
_caarlotasanche,HoMj069
Martarubio12,HoMj069
Josemag7_,HoMj069
SudaderaModa,HoMj069
Versuasiv0,HoMj069
iRopa_Orgasmica,HoMj069
bxddiebunny,HoMj069
WalterNajeraG,HoMj069
cristianzapaa,HoMj069
Mejoresdirectas,HoMj069
ExtasisTextual,HoMj069
alehandrafosela,HoMj069
_lagrimaldi,HoMj069
miborra53,HoMj069
andreaductor27,HoMj069
Pblo00,HoMj069
lauramoyag7,HoMj069
anaolivamelgar1,HoMj069
iraaiiiditta,HoMj069
PabloMoAlboran,HoMj069
a5e7eebd3eb34fa,HoMj069
Jimenez_Delia99,HoMj069
MariaAlba99,HoMj069
Stefiiiiz,HoMj069
fatimaacalvente,HoMj069
rubeenciittoo,HoMj069
AleAcosta_1,HoMj069
Chrisbc8_,HoMj069
IArconada,HoMj069
DJJounce,HoMj069
JaviliyoSalas,HoMj069
ALBAROCIO_22,HoMj069
ManuelGaliano4,HoMj069
martita29_,HoMj069
criscantero17,HoMj069
TCOUPDATES,HoMj069
alvarosolac,HoMj069
TutiBeneroso,HoMj069
Universal_Spain,HoMj069
AnaEspMra18,HoMj069
tomorrowland,HoMj069
ZakiBakouri,HoMj069
AlbitaSM05,HoMj069
paulaguerrero00,HoMj069
luisSG5,HoMj069
1999_anamari,HoMj069
natalianc17_,HoMj069
natalia3601,HoMj069
chrisbrown,HoMj069
camilaruffe,HoMj069
molina26_,HoMj069
blackbeatt,HoMj069
SebastianCamble,HoMj069
PaolaMaartinez,HoMj069
albba_24,HoMj069
Alvarittto_,HoMj069
geminis_hn,HoMj069
Mabi990,HoMj069
marinaav16,HoMj069
Jorgevg_33,HoMj069
JorgeMT2,HoMj069
DaniielTorrejon,HoMj069
Franvherrera97,HoMj069
RocioCampos98,HoMj069
3relation,HoMj069
sherbinski415,HoMj069
6SecondSongs,HoMj069
yableez,HoMj069
Cavita01_,HoMj069
D_Perez98,HoMj069
tonimuunoz,HoMj069
jose_sanche10,HoMj069
GabryGarcy,HoMj069
ritamarquez99,HoMj069
Anitaguti98,HoMj069
Alexiisjrr,HoMj069
AZAHARA_LOL,HoMj069
9Juakin,HoMj069
anajr180615,HoMj069
Manucrbacho,HoMj069
La_Medular,HoMj069
SrtoNono,HoMj069
LaurityPeque,HoMj069
Ep0khe_,HoMj069
alvarxz_,HoMj069
lilymengil,HoMj069
LauraPeque01,HoMj069
Paulitagr_,HoMj069
Caroolinaa19_,HoMj069
abelmessi04,HoMj069
paulaaapl,HoMj069
Davidvallejo00,HoMj069
SergioMoyaG,HoMj069
lorenzolobato98,HoMj069
LauGil99,HoMj069
EscobarSalcedo,HoMj069
_28enero,HoMj069
paulagm14,HoMj069
aroavaldivia,HoMj069
susanag618_,HoMj069
MCristianR207,HoMj069
ApuestaloTu,HoMj069
JULSDR1,HoMj069
CamisetasES_,HoMj069
ivanc_music,HoMj069
UnaVidaTatuada,HoMj069
superni3l,HoMj069
joaquincm15,HoMj069
apolopo13,HoMj069
ivangonzalezz9,HoMj069
aguileeera01,HoMj069
Claucostilla23,HoMj069
danijotape,HoMj069
srtacat_,HoMj069
InternetBizarro,HoMj069
givemeurtime,HoMj069
GonPadilla_05,HoMj069
iDecepciones,HoMj069
CarlosHO21,HoMj069
Brandon_bst,HoMj069
detectomiradas,HoMj069
sr_andaluz,HoMj069
quederap,HoMj069
yolanda24315319,HoMj069
cusvetso,HoMj069
clau0407,HoMj069
Bruno_xtr,HoMj069
Its_Bees,HoMj069
Carmenmaria9900,HoMj069
AbGaribaldi,HoMj069
Bloogix,HoMj069
JosemariGR_,HoMj069
JuanmyLA,HoMj069
cronicbadia,HoMj069
LeoGomezdjs,HoMj069
JoeelVLV,HoMj069
pequuee1212,HoMj069
Rianlii,HoMj069
Lindas_Phrases,HoMj069
Jaos_98,HoMj069
evaa28_,HoMj069
YasminaFaustino,HoMj069
NICKIMINAJ,HoMj069
mariabarrera_23,HoMj069
mtgp267,HoMj069
SoyAlexLobo,HoMj069
LicDice_,HoMj069
DanielHelguera,HoMj069
PabloXocolat,HoMj069
fizztrash,HoMj069
by_karinabravo,HoMj069
Eslocuraporti,HoMj069
cawn__,HoMj069
soyivax,HoMj069
Frase_Empirica,HoMj069
Manemercedes,HoMj069
sracoliflower,HoMj069
PensandoLetras_,HoMj069
EmzGreen,HoMj069
AmorDeRecuerdos,HoMj069
ismael26042741,HoMj069
adioscuentap,HoMj069
RelsB__,HoMj069
AveSitaBilis,HoMj069
SkaLimoon,HoMj069
isaiasskaaaaaaa,HoMj069
er_sebita,HoMj069
EIPoetaDice,HoMj069
raquelgonzc29,HoMj069
aridna42,HoMj069
SrFav,HoMj069
Jorge_21102,HoMj069
itextosoff,HoMj069
SalvatoreDerek,HoMj069
SocialUniversal,HoMj069
malpinchegenio,HoMj069
DoomFletcher,HoMj069
SoyPoetwitero,HoMj069
TikTokTendencia,HoMj069
VictoriasSecret,HoMj069
JenniferKylie3,HoMj069
AsarafAbdelali,HoMj069
EsQuagmire,HoMj069
borrachosEs,HoMj069
JakedSpain,HoMj069
lidia_gemelier,HoMj069
mellamanpimpam,HoMj069
IreneSmiiler23,HoMj069
davidesanz,HoMj069
maaariiiaa_06,HoMj069
abelguillen2002,HoMj069
abelmessi10,HoMj069
AlejandraSwim,HoMj069
UnPincheWoody,HoMj069
TwittearLife,HoMj069
women_o_fashion,HoMj069
MariiaCampos01,HoMj069
_lukeplzfollow,HoMj069
DaniCG1995,HoMj069
Rociioo001,HoMj069
Smxrlxp,HoMj069
Chicoleganorte,HoMj069
driuens,HoMj069
Eme96_,HoMj069
Adrian_AA_,HoMj069
PrincipeEnamora,HoMj069
NOVOA7MST,HoMj069
DvD_Montedeoca,HoMj069
susanag619,HoMj069
MrDiegoRubio,HoMj069
MariaPalacios_R,HoMj069
carballidoa16,HoMj069
FatiiSanchez99,HoMj069
naroagalbizu,HoMj069
BreeendaSanchez,HoMj069
SandraMateos_16,HoMj069
