isma2dr,jerreramarcia
verigislena,isma2dr
henarconh,isma2dr
Tdrr_6,isma2dr
niketequisiera,isma2dr
beasstgirl,isma2dr
KOI,isma2dr
noaavvrr,isma2dr
Lauraalobatoo_,isma2dr
mrs_isaaa,isma2dr
la0ddi,isma2dr
lewdynude,isma2dr
JavierrLoL,isma2dr
martinaslzr1,isma2dr
MValsss,isma2dr
PoliciaHorny,isma2dr
mariaisabelrr9,isma2dr
justeffe,isma2dr
CarnavalSinFin,isma2dr
anaprrrrd,isma2dr
churroz,isma2dr
Sacriel,isma2dr
StelloneTM,isma2dr
dlcomparees,isma2dr
ErreKGamer,isma2dr
arcaneshow,isma2dr
xTheFocuSx,isma2dr
pauums2,isma2dr
RaaulF17,isma2dr
Albanotfound_,isma2dr
UalidAmrani,isma2dr
chollometro,isma2dr
Sergiokvothe,isma2dr
PokeTwitchCup,isma2dr
ELDENRING,isma2dr
Rocd32,isma2dr
Sannset_,isma2dr
Elmiillor,isma2dr
WackierSutan,isma2dr
VocesDeMarbella,isma2dr
JotaCanariio,isma2dr
OverlifeRP,isma2dr
cancer_hn,isma2dr
JMaquiavello,isma2dr
G4G_Revenant,isma2dr
Korah_FF,isma2dr
Zequiodzilla,isma2dr
SelectaVision,isma2dr
BarredaJesus,isma2dr
SugusSusanaTW,isma2dr
kidcoltrane,isma2dr
Champi_14,isma2dr
Caith_Sith,isma2dr
Elesky25,isma2dr
JWulen,isma2dr
Berenjeno_,isma2dr
inyustificado,isma2dr
Cabramaravilla,isma2dr
mutsuda,isma2dr
Jennestudios,isma2dr
iPandarina,isma2dr
13eLucky,isma2dr
ClaudioSensasao,isma2dr
nikkigarcia_es,isma2dr
Ronie_6,isma2dr
Thaniia92,isma2dr
Javi_Bohorquez,isma2dr
Seli_SBS,isma2dr
fromsoft_pics,isma2dr
Poseidon_DZ,isma2dr
CooLifeGame,isma2dr
TanizeN,isma2dr
illojuanclips,isma2dr
lapizarradesara,isma2dr
AlbiiArmy,isma2dr
yisustm_01,isma2dr
MegaOMG_,isma2dr
GiantsGaming,isma2dr
Leelie_TV,isma2dr
TheCarolos,isma2dr
NoriLair,isma2dr
theakaleina,isma2dr
PetsArts,isma2dr
Morphains,isma2dr
Pink_vertido,isma2dr
CarolinaKelsen,isma2dr
grenheir,isma2dr
MarbellaVice,isma2dr
KnYtweets,isma2dr
Elisawavesrp,isma2dr
Sukuua,isma2dr
Rau_RS21,isma2dr
Jujutsu_Kaisen_,isma2dr
lol_es,isma2dr
martaamacias14,isma2dr
_pedromacias1,isma2dr
himymclips,isma2dr
ivanBARRANQUERO,isma2dr
cars_frases,isma2dr
jamaikito16,isma2dr
_THEGRR_,isma2dr
dafneee_27,isma2dr
lougm_00,isma2dr
Juanjogameplay,isma2dr
genshinimpactes,isma2dr
MisterJagger_,isma2dr
OoCLMDShow,isma2dr
andres_alguacil,isma2dr
Youpsico,isma2dr
ehyvriel,isma2dr
KOI_OOC,isma2dr
adrilik,isma2dr
ElXokas__OOC,isma2dr
IamCristinini,isma2dr
PaulaArconada98,isma2dr
andrealuque21,isma2dr
LauGlzArt,isma2dr
Arohavb,isma2dr
patri_xomx,isma2dr
BuckFdez,isma2dr
menos_trece,isma2dr
ElRichMC,isma2dr
albbaricoke,isma2dr
Loulogio_Pi,isma2dr
marianc360,isma2dr
_biyin_,isma2dr
cristissantos_,isma2dr
msrosse2,isma2dr
ItsJules_,isma2dr
albirodri_7058,isma2dr
FTREFORMED,isma2dr
FolagoR,isma2dr
davidcarapapa,isma2dr
MeriiJimenez,isma2dr
u_vv_u,isma2dr
KirinCommunity,isma2dr
libertadDobby,isma2dr
_DeslarandC_,isma2dr
WithZack,isma2dr
malarodriguez,isma2dr
moon4pic,isma2dr
Powerbazinga,isma2dr
Mayichii,isma2dr
Warcraft,isma2dr
angelmartin_nc,isma2dr
Silithur,isma2dr
ChusoMMontero,isma2dr
PapoMcArg,isma2dr
IndirectasRock,isma2dr
FNATIC,isma2dr
AraneaeLoL,isma2dr
Maaylen,isma2dr
DemonSlayerSc,isma2dr
NatosyWaor,isma2dr
LakshartNia,isma2dr
NicholasSiezed,isma2dr
RouzXIII,isma2dr
Jesskiu_,isma2dr
princejaume,isma2dr
LauraMRo24,isma2dr
noaaa_srta,isma2dr
celiamm192,isma2dr
danielabtz,isma2dr
NVIDIAGeForceES,isma2dr
LaraMarinaInfa1,isma2dr
coralsanchezzz,isma2dr
lamalarancho,isma2dr
mts_27_,isma2dr
loretocrromnz,isma2dr
aylatorrejon_,isma2dr
KH_Spain,isma2dr
marina_guerrer0,isma2dr
AlinityTwitch,isma2dr
pbrvxla511,isma2dr
antonioe25,isma2dr
MartaMacias_14,isma2dr
LauraMaciasR24,isma2dr
Sara36153333,isma2dr
Reventxz,isma2dr
CarlosR,isma2dr
G2esports,isma2dr
Juan_rh29,isma2dr
mellamoares,isma2dr
Draculasswife,isma2dr
twittencero,isma2dr
8Adrianag,isma2dr
paracetamor,isma2dr
mery_soldier,isma2dr
noa_pls,isma2dr
Cadiz_CF,isma2dr
gatitos_qctd,isma2dr
OwnedbySona,isma2dr
elxokas,isma2dr
luuciiaa242,isma2dr
natiroman9,isma2dr
BurningOnAndOn,isma2dr
estopaoficial,isma2dr
albargomez17,isma2dr
8edgg__,isma2dr
Ethieen,isma2dr
ainhoa1424,isma2dr
luciiamorenooo,isma2dr
marguilloto,isma2dr
PaolafdezYT,isma2dr
wanitohd,isma2dr
Atudela02,isma2dr
werlyb,isma2dr
littleragergirl,isma2dr
BealienQueen,isma2dr
Karchezzz,isma2dr
YourAnonNews,isma2dr
SpainRP_,isma2dr
laura_aranao,isma2dr
spoksponha,isma2dr
natit01,isma2dr
Perxitaa,isma2dr
DonReborn2,isma2dr
MomonKun_,isma2dr
saritamartin22,isma2dr
Rubiu5,isma2dr
CharoMarin99,isma2dr
Anagmacias1,isma2dr
Nazaret_cc,isma2dr
LMDShow,isma2dr
ana_gil151,isma2dr
adriaanavm,isma2dr
ClanRust,isma2dr
mss_gmm,isma2dr
kaquka,isma2dr
VALORANTes,isma2dr
berti_ux,isma2dr
Mixwell,isma2dr
nurrwolf,isma2dr
ruben__galiano,isma2dr
marinichis,isma2dr
andreaponce_15,isma2dr
cristinahr_,isma2dr
yolanda24315319,isma2dr
EncarniHig,isma2dr
Barbesito,isma2dr
cansado,isma2dr
laraangelap,isma2dr
_pauulaa23,isma2dr
fatimaperea2001,isma2dr
almohipola1,isma2dr
aroavaldivia,isma2dr
Nithreel,isma2dr
Lailota_,isma2dr
jerreramarcia,isma2dr
Paulilii8,isma2dr
raquelitacd_17,isma2dr
laurixu30,isma2dr
Claraabs_09,isma2dr
angeladh9,isma2dr
criistinaa_19,isma2dr
ireneperez_99,isma2dr
aliguerra17_,isma2dr
BICHARRACOO,isma2dr
jesusrj1236,isma2dr
naiaraga14,isma2dr
nataliainfant12,isma2dr
nereamontero99,isma2dr
laurarodcas_,isma2dr
irenespinosa20,isma2dr
Claudia_correro,isma2dr
cristinarc23,isma2dr
mgm_1606,isma2dr
Malickgomez992,isma2dr
mariahzz02,isma2dr
GABRIGP94,isma2dr
_tresska_,isma2dr
el_pais,isma2dr
LuzuGames,isma2dr
saraespinosa_03,isma2dr
Rociioo001,isma2dr
anna_dez18,isma2dr
xxless__,isma2dr
_aaroa,isma2dr
lauheavenly,isma2dr
ZeIing,isma2dr
LaChiriDeFyA,isma2dr
papigavi,isma2dr
Spursito,isma2dr
comparsajc,isma2dr
LIBIDECADIZ,isma2dr
Mariiaa27n,isma2dr
Caarmeliita,isma2dr
comparsatino,isma2dr
portaldecadiz,isma2dr
KaseO_real,isma2dr
_ManuSanchez_,isma2dr
saritx_,isma2dr
ElChojin_net,isma2dr
SFDKoficial,isma2dr
yozatu,isma2dr
EscenasBobobo,isma2dr
LOLiTOFDEZ,isma2dr
pilyae,isma2dr
BricoAttack,isma2dr
ffaka_,isma2dr
lb_outofcontext,isma2dr
WaRCroX,isma2dr
pickoudyr,isma2dr
canijodecadiz,isma2dr
mirianperaltag,isma2dr
Vitalisioo,isma2dr
mmorera79,isma2dr
KNekro,isma2dr
MzKatieCassidy,isma2dr
riotgames,isma2dr
IvanMayor_97,isma2dr
pmarantxa,isma2dr
vidamoderna,isma2dr
paulabarcia_,isma2dr
aliciadomngz,isma2dr
BotCarnaval,isma2dr
UnaCoplaAldia,isma2dr
anabel_gazquez,isma2dr
worldwarbot,isma2dr
JordiCruzPerez,isma2dr
GameOfThrones,isma2dr
MaryaGuillen97,isma2dr
psychomei_,isma2dr
albbarojass,isma2dr
Martaaragon8,isma2dr
JosemariGR_,isma2dr
inmaatorrejon,isma2dr
terecel8,isma2dr
CarnavalCadiz2,isma2dr
Martasanchezc19,isma2dr
martafs_00,isma2dr
sandras19C,isma2dr
claumacias01,isma2dr
CarnavalCadiz3,isma2dr
carnavalCadiz,isma2dr
EmeSaiyan,isma2dr
aguileera05,isma2dr
Luicatoni,isma2dr
NetflixES,isma2dr
labhmmm,isma2dr
dpanabaker,isma2dr
Marvel,isma2dr
Gaidyts,isma2dr
its_jlgp,isma2dr
nereabacanera,isma2dr
SrFortfast,isma2dr
crismbe9,isma2dr
cristinabernxl,isma2dr
InmaChRo,isma2dr
PokeCitas,isma2dr
mariiagnzlez,isma2dr
ManuelSantande1,isma2dr
danielagomezz03,isma2dr
essiecgarcia,isma2dr
escritorfmacias,isma2dr
evaa28_,isma2dr
Laauri_00,isma2dr
Angelasardaa00,isma2dr
EmiliaClarkeTM,isma2dr
vii15_,isma2dr
LitronaPapi,isma2dr
GonzaHdez99,isma2dr
Floreeen0,isma2dr
jpelaez_m,isma2dr
Mercedesgomezz_,isma2dr
byViruZz,isma2dr
PokeR988HD,isma2dr
elchiringuitotv,isma2dr
mrj2301,isma2dr
GLAZED0NUTT,isma2dr
ceciestpasavf,isma2dr
shxwtybaby,isma2dr
andreaductor27,isma2dr
sebascb09,isma2dr
albaadg_,isma2dr
hiitzlulu,isma2dr
jponcerivero,isma2dr
WillyrexYT,isma2dr
Wismichu,isma2dr
ajedre97,isma2dr
CAPITANVENEN0,isma2dr
CarnavalCadizTV,isma2dr
cristinagonz021,isma2dr
mbenitez26,isma2dr
HawkersCo,isma2dr
EiProfeta,isma2dr
Hogwartssite,isma2dr
Clauudiap_01,isma2dr
ismael2dr,isma2dr
paabliito6,isma2dr
PedroFerreir17,isma2dr
alehandrafosela,isma2dr
minervamr_99,isma2dr
7antoniogr,isma2dr
pabloamores00,isma2dr
10jaimepr,isma2dr
xaxosoyunpunki,isma2dr
caaarlaa27_,isma2dr
PacoKanarion,isma2dr
claudiads00,isma2dr
ivaancabezaa,isma2dr
mmxr__,isma2dr
AlexRios75,isma2dr
SergioRamos,isma2dr
marcoasensio10,isma2dr
realmadrid,isma2dr
noeliagr33,isma2dr
condenatedlxby,isma2dr
carmensitttt,isma2dr
Christiannf10,isma2dr
raquelgonzc29,isma2dr
Mariasancheez22,isma2dr
martita29_,isma2dr
albertovega00,isma2dr
gekkowo,isma2dr
Iratxegarci_,isma2dr
MagicMundi,isma2dr
imlobby,isma2dr
Barbatos74,isma2dr
81Paulitaleon,isma2dr
HoMj069,isma2dr
martinasalazarp,isma2dr
andercortes,isma2dr
bryanrodrigue00,isma2dr
LaResistencia,isma2dr
IbaiLlanos,isma2dr
maariacorbacho,isma2dr
Ivangb2002,isma2dr
CdMontera9,isma2dr
pilarhdezz,isma2dr
Thunder1906,isma2dr
DaniielTorrejon,isma2dr
pabloespinosa_4,isma2dr
ByRoKiee,isma2dr
josem_ovi,isma2dr
paabloochoo,isma2dr
auronplay,isma2dr
FortniteGame,isma2dr
nerearoficial,isma2dr
Cristiano,isma2dr
amaiaromero,isma2dr
Aitanax,isma2dr
TheGrefg,isma2dr
