IvanMayor_97,jerreramarcia
AgentedeMarvel_,IvanMayor_97
somosgeeksnews,IvanMayor_97
2010MisterChip,IvanMayor_97
MarvelStudios,IvanMayor_97
nesfilipa101,IvanMayor_97
PokeCitas,IvanMayor_97
SpiderManMovie,IvanMayor_97
paulagonu,IvanMayor_97
Srcheeto,IvanMayor_97
mariaisabelrr9,IvanMayor_97
lb_outofcontext,IvanMayor_97
NabilFekir,IvanMayor_97
nakaryoficial,IvanMayor_97
ellarguero,IvanMayor_97
Carmen_correro,IvanMayor_97
ManUtd_Es,IvanMayor_97
FabrizioRomano,IvanMayor_97
TwitchES,IvanMayor_97
tingurzz,IvanMayor_97
PSG_espanol,IvanMayor_97
Kyliexmaelyn,IvanMayor_97
OOC_Jagger,IvanMayor_97
MisterJagger_,IvanMayor_97
edermilitao,IvanMayor_97
pablodiazviolin,IvanMayor_97
JMirandaG19,IvanMayor_97
Moreno7alex,IvanMayor_97
KNekro,IvanMayor_97
orslok,IvanMayor_97
josemii104,IvanMayor_97
Barbesito,IvanMayor_97
Reventxz,IvanMayor_97
andercortes,IvanMayor_97
BorjaIglesias9,IvanMayor_97
guardiacivil,IvanMayor_97
policia,IvanMayor_97
nadiineesg,IvanMayor_97
belencue,IvanMayor_97
DarkoPericActor,IvanMayor_97
AlvaroMorte,IvanMayor_97
lacasadepapel,IvanMayor_97
_riverss_,IvanMayor_97
JuanluDBZ,IvanMayor_97
C1audioBravo,IvanMayor_97
darioemehache,IvanMayor_97
DirectoGol,IvanMayor_97
RickyEdit,IvanMayor_97
NOROBESPIERRE,IvanMayor_97
YoInterneto,IvanMayor_97
OoCLMDShow,IvanMayor_97
ivanBARRANQUERO,IvanMayor_97
guillemfm,IvanMayor_97
andres_alguacil,IvanMayor_97
ElFalloning,IvanMayor_97
illojuanclips,IvanMayor_97
LMDShow,IvanMayor_97
100montaditos,IvanMayor_97
su_colega,IvanMayor_97
lucia_j_garcia,IvanMayor_97
davidvmuro_,IvanMayor_97
MarcosSenna19,IvanMayor_97
10Ronaldinho,IvanMayor_97
CoronaVid19,IvanMayor_97
luka7doncic,IvanMayor_97
naikinai19,IvanMayor_97
Juan_rh29,IvanMayor_97
qmc201,IvanMayor_97
jeeniibm,IvanMayor_97
ceciarmy,IvanMayor_97
DavidSuarez_V,IvanMayor_97
Sr_Fonseca,IvanMayor_97
ricardinho10ofi,IvanMayor_97
GentesSinSuerte,IvanMayor_97
justsul,IvanMayor_97
EvangelionEldar,IvanMayor_97
AlvaroMayor3,IvanMayor_97
RBL1912,IvanMayor_97
candelasuarezz4,IvanMayor_97
danilopezdiazzz,IvanMayor_97
Declaracion,IvanMayor_97
YourAnonNews,IvanMayor_97
laura_aranao,IvanMayor_97
Jesusfdez_98,IvanMayor_97
JoseMig17052001,IvanMayor_97
javimolinawr,IvanMayor_97
TriTavares,IvanMayor_97
Bolerolimonade,IvanMayor_97
Mrlopera__,IvanMayor_97
emepe120420,IvanMayor_97
MicaGiammaria,IvanMayor_97
miryam_tovar,IvanMayor_97
Bosslogic,IvanMayor_97
Risaviral,IvanMayor_97
m_marchante,IvanMayor_97
miguel_iribar,IvanMayor_97
AnabelCarrillo_,IvanMayor_97
EncarniHig,IvanMayor_97
Irenita209,IvanMayor_97
KokoDC_,IvanMayor_97
_ANAMILAN_,IvanMayor_97
smdani,IvanMayor_97
IbaiLlanos,IvanMayor_97
BICHARRACOO,IvanMayor_97
MeganMontanerG,IvanMayor_97
ahikarnet,IvanMayor_97
Goyojimenez,IvanMayor_97
pablisanchez99,IvanMayor_97
papigavi,IvanMayor_97
its_jlgp,IvanMayor_97
ericruiiz,IvanMayor_97
1996Javi,IvanMayor_97
BenWaltonGG,IvanMayor_97
ViTuberYT,IvanMayor_97
karolg,IvanMayor_97
wikiroberwido,IvanMayor_97
nurixvd,IvanMayor_97
rosalia,IvanMayor_97
NickyJamPR,IvanMayor_97
jairojesusledes,IvanMayor_97
DisneyPlusES,IvanMayor_97
JBALVIN,IvanMayor_97
ElPueblosoria,IvanMayor_97
Jairosaneda,IvanMayor_97
celixgmzz,IvanMayor_97
elpuebloserie,IvanMayor_97
elydrabben,IvanMayor_97
GolSur1907,IvanMayor_97
sanbenito,IvanMayor_97
nitaparmera,IvanMayor_97
luciagarcia_97,IvanMayor_97
YisuscristViral,IvanMayor_97
EscenasANHQV,IvanMayor_97
nocontextanhqv,IvanMayor_97
roma_gallardo,IvanMayor_97
JFrancoEnjoyers,IvanMayor_97
JFrancoAlcalde,IvanMayor_97
Sandradiazarcas,IvanMayor_97
LaLineaOutOf,IvanMayor_97
BoyanSlat,IvanMayor_97
DisneySpain,IvanMayor_97
StarWarsSpain,IvanMayor_97
Cajadepeliculas,IvanMayor_97
antomartin98,IvanMayor_97
Pablomartin_29,IvanMayor_97
spoksponha,IvanMayor_97
AnaMenaMusic,IvanMayor_97
omarmontesSr,IvanMayor_97
DAZN_ES,IvanMayor_97
Iratxegarci_,IvanMayor_97
plazacasals,IvanMayor_97
Tragabuchetwits,IvanMayor_97
JesusTrujilloA,IvanMayor_97
_mariams99,IvanMayor_97
Caarmeliita,IvanMayor_97
ritamarquez99,IvanMayor_97
StripMarvel,IvanMayor_97
04eiprolita,IvanMayor_97
davidbroncano,IvanMayor_97
rtsimpsons,IvanMayor_97
Marvel,IvanMayor_97
Kevfeige,IvanMayor_97
Thiago6,IvanMayor_97
vivenmenosviral,IvanMayor_97
Fortnite_ES,IvanMayor_97
jerreramarcia,IvanMayor_97
anabel_gazquez,IvanMayor_97
LaLiga,IvanMayor_97
_YolandaRamos_,IvanMayor_97
albarcuesta,IvanMayor_97
AGuardado18,IvanMayor_97
nereamontero99,IvanMayor_97
sergio_regui,IvanMayor_97
nachofi1990,IvanMayor_97
DaniCeballos46,IvanMayor_97
marcoasensio10,IvanMayor_97
DiazPalmeiro,IvanMayor_97
AxelTorres,IvanMayor_97
salimalmir,IvanMayor_97
paco93alcacer,IvanMayor_97
RPires13,IvanMayor_97
TheMrXOfficial,IvanMayor_97
TheTopComics,IvanMayor_97
starwars,IvanMayor_97
marcodubru,IvanMayor_97
carlelux,IvanMayor_97
realmadridfem,IvanMayor_97
Peli_Comic,IvanMayor_97
Dani_Lagi,IvanMayor_97
InmaChRo,IvanMayor_97
DiegoLainez10,IvanMayor_97
legendarioDC,IvanMayor_97
soyRayden,IvanMayor_97
PedroFerreir17,IvanMayor_97
Alexbarreno10,IvanMayor_97
WhatsApp,IvanMayor_97
almohipola1,IvanMayor_97
Alfonsocube,IvanMayor_97
maariacorbacho,IvanMayor_97
JordiCruzPerez,IvanMayor_97
bellathorne,IvanMayor_97
NBAspain,IvanMayor_97
TheGrefg,IvanMayor_97
Alphasniper97,IvanMayor_97
PepaBueno,IvanMayor_97
RTVBetis,IvanMayor_97
zou_feddal,IvanMayor_97
neymarjr,IvanMayor_97
pabloamores00,IvanMayor_97
Fini_golosinas,IvanMayor_97
vinijr,IvanMayor_97
Rociioo001,IvanMayor_97
_tumae,IvanMayor_97
darioga77_dario,IvanMayor_97
JuanfeSanzPerez,IvanMayor_97
Defreds,IvanMayor_97
laurixu30,IvanMayor_97
malickgomez99,IvanMayor_97
RealBetis,IvanMayor_97
ernestodelrio29,IvanMayor_97
CharoMarin99,IvanMayor_97
lorenmg16,IvanMayor_97
A_Barragan19,IvanMayor_97
joaquinarte,IvanMayor_97
ScuderiaFerrari,IvanMayor_97
marialf98,IvanMayor_97
alo_oficial,IvanMayor_97
mgm_1606,IvanMayor_97
Floreeen0,IvanMayor_97
_L_X_F__,IvanMayor_97
josem_ovi,IvanMayor_97
sabiastuque_,IvanMayor_97
Torres,IvanMayor_97
AntonioJSMazuec,IvanMayor_97
atresmediacom,IvanMayor_97
PedroPSanmartin,IvanMayor_97
tappy_comico,IvanMayor_97
pacocalavera,IvanMayor_97
DaniOstos1,IvanMayor_97
MovistarFutbol,IvanMayor_97
Cheryshev,IvanMayor_97
KikoCasilla13,IvanMayor_97
Lucasvazquez91,IvanMayor_97
Casemiro,IvanMayor_97
LuisFigo,IvanMayor_97
isco_alarcon,IvanMayor_97
sergeibaka,IvanMayor_97
NikolaMirotic33,IvanMayor_97
SergioRodriguez,IvanMayor_97
23Llull,IvanMayor_97
JmCalderon,IvanMayor_97
rickyrubio9,IvanMayor_97
MarcGasol,IvanMayor_97
rudy5fernandez,IvanMayor_97
MovSocialesAlte,IvanMayor_97
juanmacastano,IvanMayor_97
Atleti,IvanMayor_97
HelloImLana,IvanMayor_97
LuzuGames,IvanMayor_97
MediaMarkt_es,IvanMayor_97
LuzuVlogs,IvanMayor_97
UnAlumnoDice,IvanMayor_97
El_Luisma1,IvanMayor_97
Barajas_el,IvanMayor_97
JeseRodriguez10,IvanMayor_97
charliesheen,IvanMayor_97
bbva,IvanMayor_97
Amador_Rivas,IvanMayor_97
FCBayern,IvanMayor_97
AlvaroMorata,IvanMayor_97
Pirlo_official,IvanMayor_97
sguasch,IvanMayor_97
JugoneslaSexta,IvanMayor_97
SorteoChampions,IvanMayor_97
diostuitero,IvanMayor_97
Tonicanto1,IvanMayor_97
samantavillar,IvanMayor_97
DictadoresSA,IvanMayor_97
LuisFonsi,IvanMayor_97
DjValdiTv,IvanMayor_97
carlosjean,IvanMayor_97
santicanizares,IvanMayor_97
michaelrobinson,IvanMayor_97
TheRealStanLee,IvanMayor_97
_SaraMarin_,IvanMayor_97
carrusel,IvanMayor_97
cuatro,IvanMayor_97
davidbisbal,IvanMayor_97
carlosplus,IvanMayor_97
PostureoEspanol,IvanMayor_97
_MaluOficial_,IvanMayor_97
IndiaMartinez,IvanMayor_97
_JesusVazquez_,IvanMayor_97
manuelcarrasco_,IvanMayor_97
La_Omaitas,IvanMayor_97
NoemiGaleraN,IvanMayor_97
La_Antonias,IvanMayor_97
LosMorancos,IvanMayor_97
LaExcepcion_,IvanMayor_97
Langui_Oficial,IvanMayor_97
JungleCam,IvanMayor_97
ultrarecords,IvanMayor_97
GreenDay,IvanMayor_97
linkinpark,IvanMayor_97
coldplay,IvanMayor_97
tomorrowland,IvanMayor_97
Sia,IvanMayor_97
ultra,IvanMayor_97
lorde,IvanMayor_97
MartinGarrix,IvanMayor_97
HARDWELL,IvanMayor_97
tiesto,IvanMayor_97
davidguetta,IvanMayor_97
CalvinHarris,IvanMayor_97
elliegoulding,IvanMayor_97
RitaOra,IvanMayor_97
IGGYAZALEA,IvanMayor_97
Meghan_Trainor,IvanMayor_97
OneRepublic,IvanMayor_97
maroon5,IvanMayor_97
samsmith,IvanMayor_97
edsheeran,IvanMayor_97
Louis_Tomlinson,IvanMayor_97
NiallOfficial,IvanMayor_97
Harry_Styles,IvanMayor_97
LiamPayne,IvanMayor_97
