josem_ovi,jerreramarcia
nesfilipa101,josem_ovi
PrimeVideoES,josem_ovi
ben1234ben13,josem_ovi
adriaanavm,josem_ovi
tingurzz,josem_ovi
Al_varado_,josem_ovi
ilustracionxs,josem_ovi
GeltApp,josem_ovi
Rau_RS21,josem_ovi
spoksponha,josem_ovi
gonzalo2603,josem_ovi
MarbellaVice,josem_ovi
_pedromacias1,josem_ovi
josemii104,josem_ovi
Agustabell212,josem_ovi
juansantiago680,josem_ovi
TheCarolos,josem_ovi
AlvaroMayor3,josem_ovi
Rolando36313277,josem_ovi
nadiineesg,josem_ovi
ceciarmy,josem_ovi
bernardtorello,josem_ovi
Pepelu99_,josem_ovi
Cynring8,josem_ovi
chollometro,josem_ovi
aldi_belmonte,josem_ovi
Sergibs33,josem_ovi
jesus_belmontee,josem_ovi
elenacalvente,josem_ovi
Andreaperezh2,josem_ovi
ElMundoTolkien,josem_ovi
liasikora,josem_ovi
LMDShow,josem_ovi
JBLQuantumESP,josem_ovi
Marinaaruiiz_,josem_ovi
luciaaserrano_,josem_ovi
byPRic3,josem_ovi
pccomponentes,josem_ovi
Albaog00,josem_ovi
Nfortec_ES,josem_ovi
martiitaalvarez,josem_ovi
ASUSROGES,josem_ovi
YasminaAlvarezA,josem_ovi
qmc201,josem_ovi
ElviraArminio00,josem_ovi
Mariiaa27n,josem_ovi
Juan_rh29,josem_ovi
BarberanSaul,josem_ovi
lamalarancho,josem_ovi
LOTRonPrime,josem_ovi
PaolafdezYT,josem_ovi
SmialMontaraz,josem_ovi
luciacuevas_,josem_ovi
El_PoneyPisador,josem_ovi
laura_aranao,josem_ovi
SocTolkien,josem_ovi
rafa302002,josem_ovi
pablisanchez99,josem_ovi
saritamartin22,josem_ovi
fabiana001_,josem_ovi
IbaiLlanos,josem_ovi
ElAnilloUnico,josem_ovi
Nazaret_cc,josem_ovi
diegonaide_,josem_ovi
JaimeSarrias,josem_ovi
guihrm00,josem_ovi
RoCampos40816,josem_ovi
albarcuesta,josem_ovi
EncarniHig,josem_ovi
VictorAntolin14,josem_ovi
CristiianMoRo,josem_ovi
ZakiBakouri,josem_ovi
alejandravp12_,josem_ovi
lidiaaruizz_,josem_ovi
Malickgomez992,josem_ovi
DisneyPlusES,josem_ovi
arrisiyo95,josem_ovi
JoseMig17052001,josem_ovi
carmenba06,josem_ovi
InstantGamingES,josem_ovi
LosQuieto,josem_ovi
sandras19C,josem_ovi
alonsosr_,josem_ovi
paaola_fdez,josem_ovi
javimolinawr,josem_ovi
JesusTrujilloA,josem_ovi
unshaval,josem_ovi
albaroman0111,josem_ovi
Martasanchezc19,josem_ovi
rafaamrt,josem_ovi
lb_outofcontext,josem_ovi
_mariams99,josem_ovi
Frasespeliculas,josem_ovi
Martarojass6,josem_ovi
manutriv03,josem_ovi
desiregarciat8,josem_ovi
BICHARRACOO,josem_ovi
JoseMotatv,josem_ovi
yohannavazquezr,josem_ovi
vivenmenosviral,josem_ovi
Lennnnn25,josem_ovi
rafaaorozco10,josem_ovi
Andrearm95,josem_ovi
_gloriagj,josem_ovi
criistinaa_19,josem_ovi
guardiacivil,josem_ovi
santialcn,josem_ovi
its_jlgp,josem_ovi
andreaarm9,josem_ovi
wanitohd,josem_ovi
Alexbarreno10,josem_ovi
sonypictures_es,josem_ovi
adavila92,josem_ovi
terecel8,josem_ovi
_claubarranco,josem_ovi
adrianybarreto3,josem_ovi
anazamorac_,josem_ovi
emepe120420,josem_ovi
moniijaen,josem_ovi
jerreramarcia,josem_ovi
Guillermeto,josem_ovi
claumacias01,josem_ovi
NetflixES,josem_ovi
IvanMayor_97,josem_ovi
Saul_Barberan,josem_ovi
isma2dr,josem_ovi
Aitanax,josem_ovi
04eiprolita,josem_ovi
InmaChRo,josem_ovi
Paolamq00,josem_ovi
almohipola1,josem_ovi
nereamontero99,josem_ovi
Defreds,josem_ovi
ozuna,josem_ovi
Floreeen0,josem_ovi
salimalmir,josem_ovi
verobenitezz_,josem_ovi
Pablomartin_29,josem_ovi
15Claudiia,josem_ovi
calventix,josem_ovi
xaxosoyunpunki,josem_ovi
elprofesor,josem_ovi
LosBarriosHoy,josem_ovi
losbarriosmejor,josem_ovi
Carmen_correro,josem_ovi
memedeportes,josem_ovi
carmensitttt,josem_ovi
IArconada,josem_ovi
olgasanchez17_,josem_ovi
mariiagnzlez,josem_ovi
malickgomez99,josem_ovi
D_Perez98,josem_ovi
Cristinasr34,josem_ovi
IsmaelElHarrar,josem_ovi
Carmenmaria9900,josem_ovi
ismael2dr,josem_ovi
Currort99,josem_ovi
anabel_gazquez,josem_ovi
laurarodcas_,josem_ovi
PabloQmiras,josem_ovi
lucy_targaryen,josem_ovi
carlos_floren,josem_ovi
almohipola,josem_ovi
mts_27_,josem_ovi
emoxodemierda,josem_ovi
anaadominguez_,josem_ovi
paulabarcia_,josem_ovi
NBAenespanol,josem_ovi
nataliainfant12,josem_ovi
SolamenteVlady,josem_ovi
Salamandraman,josem_ovi
maria14_99,josem_ovi
Jimenez_Delia99,josem_ovi
mjmarin99,josem_ovi
CharoMarin99,josem_ovi
claudiads00,josem_ovi
pablo_marchante,josem_ovi
andreaponce_15,josem_ovi
Heextreme,josem_ovi
PedroFerreir17,josem_ovi
_tresska_,josem_ovi
Pedrito1117,josem_ovi
laiz_diego,josem_ovi
Thunder1906,josem_ovi
pabloamores00,josem_ovi
_L_X_F__,josem_ovi
BarackObama,josem_ovi
patri_xomx,josem_ovi
Cabronazi,josem_ovi
mgm_1606,josem_ovi
maariacorbacho,josem_ovi
Sr_Dios,josem_ovi
ManuelCorrero1,josem_ovi
aroquesihombre,josem_ovi
carlelux,josem_ovi
Frank_Cuesta,josem_ovi
Vitalisioo,josem_ovi
SpiderMemee,josem_ovi
laurixu30,josem_ovi
MejoresTwits,josem_ovi
AliciaLozano188,josem_ovi
foxtves,josem_ovi
Mariasancheez22,josem_ovi
JorgesCremades,josem_ovi
darioga77_dario,josem_ovi
nickztqb,josem_ovi
_tumae,josem_ovi
pequexiv,josem_ovi
martafs_00,josem_ovi
ThiPerseo,josem_ovi
crisgarcia_28,josem_ovi
BACHIENFURECIDO,josem_ovi
TWD_ES,josem_ovi
vii15_,josem_ovi
LaElectricidad,josem_ovi
yisucrist,josem_ovi
Lliguegg,josem_ovi
HawaiiFive0CBS,josem_ovi
Rociioo001,josem_ovi
Iratxegarci_,josem_ovi
shxwtybaby,josem_ovi
pilarhdezz,josem_ovi
imlobby,josem_ovi
pedrit017,josem_ovi
DaniielTorrejon,josem_ovi
Martamherrera15,josem_ovi
Brechita11,josem_ovi
raquelgonzc29,josem_ovi
PabloAmores11,josem_ovi
PartidoPACMA,josem_ovi
Pedro_Ferreir14,josem_ovi
Angelasardaa00,josem_ovi
natalianc17_,josem_ovi
OscarSR1608,josem_ovi
DeportesCuatro,josem_ovi
cancer_hn,josem_ovi
EjercitoTierra,josem_ovi
EMADmde,josem_ovi
Caroolinaa19_,josem_ovi
Franvherrera97,josem_ovi
rfef,josem_ovi
IkerCasillas,josem_ovi
SeFutbol,josem_ovi
lilymengil,josem_ovi
cristinarc23,josem_ovi
fabi2700,josem_ovi
yolanda24315319,josem_ovi
pilyae,josem_ovi
aguileera05,josem_ovi
7antoniogr,josem_ovi
andreaductor27,josem_ovi
Jaos_98,josem_ovi
DecathlonES,josem_ovi
FuNeS_LaRgO,josem_ovi
lauespinosaxx,josem_ovi
alehandrafosela,josem_ovi
sebascb09,josem_ovi
DANIROVIRA,josem_ovi
jemupita,josem_ovi
JosemariGR_,josem_ovi
mariinapr30,josem_ovi
albirodri_7058,josem_ovi
muyinteresante,josem_ovi
Claucostilla23,josem_ovi
ivaancabezaa,josem_ovi
D_DeGea,josem_ovi
NASA_es,josem_ovi
alshirard,josem_ovi
giseleofficial,josem_ovi
aarbeloa17,josem_ovi
BenWaltonGG,josem_ovi
NurGomez17,josem_ovi
jpelaez_m,josem_ovi
alejaandrapc,josem_ovi
leleehx,josem_ovi
PabloParody,josem_ovi
Cristiano,josem_ovi
NavasKeylor,josem_ovi
Atleti,josem_ovi
GABRIGP94,josem_ovi
JordiAlba,josem_ovi
MarcBartra,josem_ovi
