Juan_rh29,jerreramarcia
albarys07,Juan_rh29
mss_gmm,Juan_rh29
CharoMarin99,Juan_rh29
laiz_diego,Juan_rh29
mahridia,Juan_rh29
HoldemHammers,Juan_rh29
danieelmg_,Juan_rh29
elennnags,Juan_rh29
solesoccasus,Juan_rh29
Joseangomez3212,Juan_rh29
PabloGuerr2,Juan_rh29
KeriosYT,Juan_rh29
Al_varado_,Juan_rh29
LauGlzArt,Juan_rh29
margutierrezjz,Juan_rh29
IbaiLlanos,Juan_rh29
micchilove_,Juan_rh29
Whoknows_17,Juan_rh29
Martaherrerag14,Juan_rh29
Texto_Favorito,Juan_rh29
klaraliron,Juan_rh29
unforrodijo,Juan_rh29
angelasierra6_,Juan_rh29
Elena_Melena1,Juan_rh29
v_estefania_g,Juan_rh29
tingurzz,Juan_rh29
jaimegil01,Juan_rh29
angeels00,Juan_rh29
Carmenpsss,Juan_rh29
Twitch_Winxy95,Juan_rh29
Yitzhal,Juan_rh29
dizzteK,Juan_rh29
alexxlozort,Juan_rh29
cheryl13_,Juan_rh29
DRodero10,Juan_rh29
WaRCroX,Juan_rh29
avadymusic,Juan_rh29
elxokas,Juan_rh29
Rupal91123128,Juan_rh29
shiawaxe,Juan_rh29
Cotilleos_UGRR,Juan_rh29
Rau_RS21,Juan_rh29
CapitanGramito,Juan_rh29
maariinapeerez,Juan_rh29
anna_dez18,Juan_rh29
Alexbarreno10,Juan_rh29
mgm_1606,Juan_rh29
Ariiseptiembre,Juan_rh29
laura_aranao,Juan_rh29
UalidAmrani,Juan_rh29
Clauuuuu08,Juan_rh29
_ferxupa_,Juan_rh29
lilymengil,Juan_rh29
_tumae,Juan_rh29
marcmarquez93,Juan_rh29
zorrademrda,Juan_rh29
ajedre97,Juan_rh29
Cotilleos_UGR_,Juan_rh29
Anagmacias1,Juan_rh29
PabloAmores11,Juan_rh29
Paolamq00,Juan_rh29
irenespinosa20,Juan_rh29
crisgarcia_28,Juan_rh29
luismc1999,Juan_rh29
toniiii9399,Juan_rh29
labhmmm,Juan_rh29
pabloamores00,Juan_rh29
marcodubru,Juan_rh29
Pepelu99_,Juan_rh29
lamalarancho,Juan_rh29
Laauri_00,Juan_rh29
almohipola1,Juan_rh29
GonPadilla_05,Juan_rh29
Christiannf10,Juan_rh29
gonzalo2603,Juan_rh29
pilarhdezz,Juan_rh29
lauriitaa114,Juan_rh29
alemoya166,Juan_rh29
nereajc,Juan_rh29
AngelaRodrguez2,Juan_rh29
agnesxgez,Juan_rh29
franciscomanu98,Juan_rh29
_pedromacias1,Juan_rh29
patri_xomx,Juan_rh29
ssaaaaraa_,Juan_rh29
martadeignacio,Juan_rh29
Guarromantico_,Juan_rh29
YPleta,Juan_rh29
calventix,Juan_rh29
condenatedlxby,Juan_rh29
paulabarcia_,Juan_rh29
heyenrik,Juan_rh29
nereamontero99,Juan_rh29
pabloespinosa_4,Juan_rh29
verobenitezz_,Juan_rh29
isma2dr,Juan_rh29
CdMontera9,Juan_rh29
pablo_parody,Juan_rh29
pedroberenguer,Juan_rh29
Floreeen0,Juan_rh29
GABRIGP94,Juan_rh29
alejaandrapc,Juan_rh29
carlelux,Juan_rh29
darioga77_dario,Juan_rh29
BarberanSaul,Juan_rh29
PedroFerreir17,Juan_rh29
nickztqb,Juan_rh29
ailedgl,Juan_rh29
_L_X_F__,Juan_rh29
CristiianMoRo,Juan_rh29
caarol23,Juan_rh29
Ped_1711,Juan_rh29
IvanMayor_97,Juan_rh29
pablisanchez99,Juan_rh29
jerreramarcia,Juan_rh29
AliciaLozano188,Juan_rh29
alehandrafosela,Juan_rh29
Malickgomez992,Juan_rh29
josem_ovi,Juan_rh29
andreaponce_15,Juan_rh29
maariacorbacho,Juan_rh29
terecel8,Juan_rh29
ainhoaborregoo,Juan_rh29
