labhmmm,jerreramarcia
emoxodemierda,labhmmm
margutierrezjz,labhmmm
mmxr__,labhmmm
crisgarcia_28,labhmmm
Edu_Hortelano97,labhmmm
assedegada,labhmmm
BuilLoren,labhmmm
marta_agredano,labhmmm
Javi1988Fcb,labhmmm
davidplenur,labhmmm
MMorenoPreciado,labhmmm
JuanmaGallego96,labhmmm
trece_x,labhmmm
Milordgr,labhmmm
maariacorbacho,labhmmm
Akistams_,labhmmm
Alexperezm91,labhmmm
_pedromacias1,labhmmm
franmoreno97,labhmmm
DiegoTg2,labhmmm
wanitohd,labhmmm
InmaChRo,labhmmm
gonzalo2603,labhmmm
Juan_rh29,labhmmm
polifarmaceutic,labhmmm
pagascs,labhmmm
dariosorryy,labhmmm
zorrademrda,labhmmm
alonsosr_,labhmmm
jcrrchunguillo,labhmmm
Javi_Alvz,labhmmm
inesrosillo_,labhmmm
marcgonzalez02,labhmmm
Jounjoscandado,labhmmm
fdoradx,labhmmm
Pablo_Cuenca6,labhmmm
FklinFran,labhmmm
soyRoguez,labhmmm
claudiads00,labhmmm
garzon_nando,labhmmm
andreaponce_15,labhmmm
adrirobio,labhmmm
lamalarancho,labhmmm
jasensio_,labhmmm
abrahan_6_,labhmmm
mxrenr99,labhmmm
xDei__,labhmmm
poramartinez,labhmmm
romaentupecho,labhmmm
DRShakah,labhmmm
Jhon_Mauricio_A,labhmmm
Carloscsmmc,labhmmm
_aligom,labhmmm
Dani_No_Silla,labhmmm
martaruizd9,labhmmm
mbenitez26,labhmmm
kikegf18,labhmmm
_itsmerx,labhmmm
tonimuunoz,labhmmm
manue_jimenez,labhmmm
AlvaritoJo,labhmmm
ajedre97,labhmmm
IgnacioM79,labhmmm
pauularamoss,labhmmm
marinaGM1999,labhmmm
GuilleeMartiin,labhmmm
UalidAmrani,labhmmm
dramapersonifie,labhmmm
marinbosss,labhmmm
IsmaelRS908,labhmmm
essiecgarcia,labhmmm
Aaronyalgomas,labhmmm
BarberanSaul,labhmmm
AfredoGarces,labhmmm
nmlna_,labhmmm
patricialnrs,labhmmm
StormyWind_,labhmmm
ibigrafi,labhmmm
ineshiniestalop,labhmmm
17Alco,labhmmm
GregMercuryy,labhmmm
iBraVeeRzz,labhmmm
monlorena17,labhmmm
AdriTizon96,labhmmm
pabloocanof,labhmmm
CapitanGramito,labhmmm
JaviUB_96,labhmmm
manueebg,labhmmm
Triviuw,labhmmm
NachCamara,labhmmm
palomairadierr,labhmmm
alicias_cc,labhmmm
DaniTolosabee,labhmmm
oscarfdez11_,labhmmm
emibla4,labhmmm
martarocaa,labhmmm
Gjaaaxic,labhmmm
imjooses,labhmmm
aguileera05,labhmmm
aliciafsobral,labhmmm
criptoyous,labhmmm
CunnSuarez,labhmmm
Javiercgp1,labhmmm
carlshad0w,labhmmm
95raamirez,labhmmm
arrobatrebol,labhmmm
KirikoKrk,labhmmm
Lynk0_,labhmmm
JaimeRz12,labhmmm
Amver_1672,labhmmm
albertoml23,labhmmm
J_Pintre_00,labhmmm
juanmifc20,labhmmm
isma2dr,labhmmm
Mariasancheez22,labhmmm
1999_anamari,labhmmm
lilymengil,labhmmm
ritamarquez99,labhmmm
raquelgonzc29,labhmmm
angeladh9,labhmmm
eugeniopuerto99,labhmmm
_soyerre,labhmmm
Jlgurquiza,labhmmm
nohedormio,labhmmm
Malickgomez992,labhmmm
alehandrafosela,labhmmm
mariarams99,labhmmm
lb_outofcontext,labhmmm
_tumae,labhmmm
angeeela_ruiz,labhmmm
edujb99,labhmmm
nereamontero99,labhmmm
7th_chris,labhmmm
Gabpke_,labhmmm
plsssinu_,labhmmm
bdsminmadrid,labhmmm
yeraystr,labhmmm
devilcrypapi,labhmmm
wiswolk,labhmmm
mxthers_,labhmmm
Ruben_ML7,labhmmm
psiquemir,labhmmm
martafs_00,labhmmm
Nithreel,labhmmm
diegoeljhane,labhmmm
stoichkov90,labhmmm
Sergio02725812,labhmmm
Baytarms,labhmmm
Aaronstwitah,labhmmm
alvarogmed,labhmmm
alex__gv,labhmmm
sanbenito,labhmmm
miguelmotab_,labhmmm
FranDominguez03,labhmmm
alexxcobas,labhmmm
saagow,labhmmm
lugro58,labhmmm
caelumx_,labhmmm
llop_98,labhmmm
Amiinmdz,labhmmm
Wikidrew_,labhmmm
dobble_7,labhmmm
lebasino,labhmmm
_mxriajo,labhmmm
MJGSierra,labhmmm
pabloer6,labhmmm
heyitsnetxu,labhmmm
mmalikkka,labhmmm
Alvaro_Paw,labhmmm
stxrgrl_,labhmmm
JaviiSooler,labhmmm
SrTrollFacts,labhmmm
JorgeMT2,labhmmm
Alvaro__HT,labhmmm
Aetzax,labhmmm
claraacondeee,labhmmm
Dunk3lheit,labhmmm
LaurGb,labhmmm
RoyJBlack,labhmmm
AndrsCastro8,labhmmm
Javirb99,labhmmm
Pepoondara,labhmmm
SBlackOwl_,labhmmm
AndC_27,labhmmm
DeadRi__,labhmmm
GuilleMuntaner,labhmmm
ruvenyavoy,labhmmm
dasanssj,labhmmm
purgethepoison_,labhmmm
Martaap27,labhmmm
almucgarcia,labhmmm
MarinaGuirval,labhmmm
selenejeje,labhmmm
pilarhdezz,labhmmm
Gxldxnkxd,labhmmm
victoor5050,labhmmm
Neleb_05,labhmmm
Cotilleos_UGR_,labhmmm
Torakyah,labhmmm
Christiannf10,labhmmm
17berniii,labhmmm
RosexGlow,labhmmm
RxFdez,labhmmm
aliciasgg,labhmmm
criiszb,labhmmm
fransanchezgome,labhmmm
yaashb98,labhmmm
alexsc_14,labhmmm
Juanjitoo22,labhmmm
freed8m8,labhmmm
isssaa05,labhmmm
MartaJG99,labhmmm
isausiw,labhmmm
shiromark_,labhmmm
succnormal,labhmmm
ilcomentatorex,labhmmm
Laurilla991,labhmmm
CeliaSaezzz,labhmmm
noelia_luke,labhmmm
_afrri,labhmmm
ligerogrx,labhmmm
WWFGranada,labhmmm
mariajmartin11,labhmmm
crtamaraa,labhmmm
manueh99,labhmmm
TCashless_,labhmmm
PicazuSan,labhmmm
nando249,labhmmm
kinkasito,labhmmm
sarintosh,labhmmm
PsikoWilliams,labhmmm
DiegoRuizz99,labhmmm
ellaprotagonist,labhmmm
squaashii,labhmmm
SilviGarVelas,labhmmm
ElBarbudoEse,labhmmm
relxxinng,labhmmm
ignacio__cl,labhmmm
SamuMeLlaman,labhmmm
javiaguilera_,labhmmm
MadridWantsDemi,labhmmm
_INSVNE,labhmmm
novillo_alba,labhmmm
AlexRios75,labhmmm
adrielege,labhmmm
Maria_Mnroe,labhmmm
LowCostdrugs,labhmmm
reinadesabaa,labhmmm
Sr_Mariioo,labhmmm
itsivetk,labhmmm
chaosofthejoker,labhmmm
mnicgrl,labhmmm
whoismicaaaa,labhmmm
akalasusi,labhmmm
sarasayago5,labhmmm
jerreramarcia,labhmmm
aliloa23,labhmmm
ikai200,labhmmm
aniitafdez__,labhmmm
xVayaRencorosax,labhmmm
paracetafolk,labhmmm
qtefollenn,labhmmm
gofreeconnata,labhmmm
LauColBar,labhmmm
blancaortiz32,labhmmm
juan92s,labhmmm
LuuisCastellano,labhmmm
josee_gadi,labhmmm
missteroman,labhmmm
wiwi_saiz,labhmmm
joanps3,labhmmm
iamsalavera,labhmmm
Miriamluna97,labhmmm
ConsuVazquezhc,labhmmm
Walkers_Join25,labhmmm
albaaramoosx,labhmmm
perfectcxos,labhmmm
Anguiolinasotos,labhmmm
marinaroxxx,labhmmm
aka_aradia,labhmmm
xBlueColdWaterx,labhmmm
Taniald23,labhmmm
JaviCarrascoSab,labhmmm
___natt____,labhmmm
yomellamoeme,labhmmm
nachinhidalgo,labhmmm
laubxl13,labhmmm
_Neream_,labhmmm
LauraFnd14,labhmmm
mariadelaOMG,labhmmm
cammbrtti_,labhmmm
Repocheta_,labhmmm
pablet_98,labhmmm
mench__,labhmmm
anna_mezquida,labhmmm
paulinapv24,labhmmm
put0sfuckers,labhmmm
paulisjimnez,labhmmm
tatuDEMalik,labhmmm
itssevenbitch,labhmmm
CHILLPERRETE,labhmmm
Picapetas,labhmmm
cathaysa9608,labhmmm
nattaliamnzz,labhmmm
quemelasudas,labhmmm
shmarina01,labhmmm
Xuli95_,labhmmm
luciavv_,labhmmm
marieggiare,labhmmm
guitarndstairs,labhmmm
Icadrian,labhmmm
Holsa_lb,labhmmm
heliagarciaare,labhmmm
Iviidn96,labhmmm
Charmander_71,labhmmm
treasure_AcM,labhmmm
_uunchicomas_,labhmmm
NoraElso1,labhmmm
crisblanp,labhmmm
DvdYipiyei,labhmmm
albb___,labhmmm
sttanisslav,labhmmm
_smokeproblemss,labhmmm
JuananPrw,labhmmm
did1z,labhmmm
andreaxits,labhmmm
_PZSHF_,labhmmm
leira_0119,labhmmm
SergioChaco13,labhmmm
ineedyouursmile,labhmmm
Emborronada,labhmmm
adrianrogz,labhmmm
jaspihe,labhmmm
_thaliasalvador,labhmmm
adrianabestias8,labhmmm
Aguasantas98,labhmmm
Albademogorda,labhmmm
Fil_ipica,labhmmm
OliverSMarta,labhmmm
franvilla21,labhmmm
jotaxtr,labhmmm
claulinares15,labhmmm
narcoterapia,labhmmm
yungwikixd,labhmmm
BELLAG1O,labhmmm
cutresadness,labhmmm
aboutmyheart88,labhmmm
FranAP1601,labhmmm
martaemmme,labhmmm
Lavidapirata7,labhmmm
dazulceleste,labhmmm
javiigrz,labhmmm
veraeslapera,labhmmm
erpituu97,labhmmm
krittexx,labhmmm
estheer99,labhmmm
eledlp,labhmmm
criaturitaequis,labhmmm
nxxvmmbre,labhmmm
aylaapunto,labhmmm
luuucia21,labhmmm
anaanurri,labhmmm
cryxxby_,labhmmm
Ahinarabf,labhmmm
cristinagtrrez,labhmmm
LuuRomero97,labhmmm
juliahope21,labhmmm
TirsaHdez99,labhmmm
_killerpussycat,labhmmm
cuuurly06,labhmmm
_SergioMarinB,labhmmm
Zziel08,labhmmm
_cnvle,labhmmm
zerzozalvaje,labhmmm
awiszouis_,labhmmm
Albertobdlc,labhmmm
ddesy96,labhmmm
lcf307,labhmmm
Raqqel15,labhmmm
_marcus_cus,labhmmm
kitypiti,labhmmm
_mariacaso,labhmmm
Ariishiia,labhmmm
INEEXT_,labhmmm
estteffaniaa_,labhmmm
kwrxses,labhmmm
ortzzz_,labhmmm
larajenniferhb,labhmmm
virrmendez,labhmmm
nexttoclau,labhmmm
claaudiamp,labhmmm
vayakulowarra,labhmmm
meryygonz,labhmmm
lorebebe,labhmmm
Alvarits_97,labhmmm
wildminds_,labhmmm
aliciapul,labhmmm
TadeoCaasas,labhmmm
aaritzz13,labhmmm
salicueva,labhmmm
GallagherAxel,labhmmm
User1898A,labhmmm
sle611997,labhmmm
lulumodi6,labhmmm
nerfedez,labhmmm
candadn,labhmmm
Saruaj_,labhmmm
rauulabascal,labhmmm
djkevingarcix,labhmmm
MBellydo,labhmmm
jose_angel63,labhmmm
shurpepe,labhmmm
chabro_,labhmmm
Guevaa10,labhmmm
carmensntn12,labhmmm
DarkcVader,labhmmm
FCB_Navarro,labhmmm
alexmmartin29,labhmmm
Josefci11,labhmmm
whoislales,labhmmm
Aitor22x,labhmmm
AHistoriador,labhmmm
Carlosjavi97,labhmmm
inefable_11,labhmmm
mariabelensp_,labhmmm
EtxailarenaTJ,labhmmm
MrKronos78,labhmmm
nicavarnicallar,labhmmm
Noxus22,labhmmm
Jounjos,labhmmm
KarloLamperouge,labhmmm
TomyHilfiger11,labhmmm
CristiCp,labhmmm
devidjd_,labhmmm
nvfal,labhmmm
BorjaGuerrero8,labhmmm
altibajxs__,labhmmm
elenasdfghjk,labhmmm
nud3skin,labhmmm
pepe5morgan,labhmmm
straawbberry,labhmmm
ruskkapuskka,labhmmm
DeividRookie,labhmmm
jorgebraavo,labhmmm
xJorGeh,labhmmm
aLeex7s,labhmmm
Aaronbio_97,labhmmm
_yuyart,labhmmm
ErickZPLN4,labhmmm
PlastidecorPI,labhmmm
sr_guadama,labhmmm
martacoesor,labhmmm
JuanCuenca16,labhmmm
Karim_Benyahya,labhmmm
Paaastor_,labhmmm
Geraardo7,labhmmm
ferrroso,labhmmm
luciaagujero_,labhmmm
_nicky_at,labhmmm
KoBu_rn,labhmmm
_jorgegarcia8,labhmmm
LeavingShadows,labhmmm
ainnoa_,labhmmm
carmenntrns,labhmmm
Keaah23,labhmmm
Solo_Karen_,labhmmm
agustinayake,labhmmm
kr_dc7,labhmmm
albachofaa,labhmmm
karma__13,labhmmm
DavidMolines,labhmmm
SGDiego_8,labhmmm
Ivaann_97,labhmmm
07thlife,labhmmm
Riki_ENG,labhmmm
__frxn,labhmmm
_anaaaa___,labhmmm
JavyMike,labhmmm
Strauu,labhmmm
itseazie,labhmmm
hardddddd_,labhmmm
bealpz93,labhmmm
_desobdc,labhmmm
DanielGavara,labhmmm
jaimemdzz,labhmmm
eleeepc,labhmmm
an_162,labhmmm
LuisOrtizYeah,labhmmm
desdemuydentro,labhmmm
fvckizan,labhmmm
sergiohuelva,labhmmm
heteranosoyy,labhmmm
__mariar19,labhmmm
GTTomas,labhmmm
_rvng,labhmmm
elenamarin__,labhmmm
Fabiioki,labhmmm
Clarareurte,labhmmm
moneyalien,labhmmm
Noeliamind,labhmmm
cantsleep__svd,labhmmm
Almvdenx,labhmmm
ItzelColmenares,labhmmm
sxlvxdxrxtx,labhmmm
RiveraAkshdbskh,labhmmm
misxmuertos,labhmmm
jorgemostoles98,labhmmm
iYeRay20,labhmmm
B_de_borracha,labhmmm
JanireTejeda,labhmmm
Arrobaaxd,labhmmm
GabrielVa98,labhmmm
_itsxsara,labhmmm
bollerafrustrad,labhmmm
himko0,labhmmm
Paulag_8,labhmmm
SMmad90,labhmmm
stadesastre23,labhmmm
saraobrien_26,labhmmm
Libreysalvaj,labhmmm
_moonlight7_,labhmmm
paulaaprezzz,labhmmm
levmauc,labhmmm
iBelenSmile,labhmmm
_amsterdamm,labhmmm
anagrt_,labhmmm
Anagonzalezoc,labhmmm
67Gvx,labhmmm
crxsxcatok,labhmmm
alfredonvrr,labhmmm
ddenisa_,labhmmm
stvylnx,labhmmm
Chico_rar0_,labhmmm
angydevvv,labhmmm
pon_tu_nombre,labhmmm
mancomx12,labhmmm
badbbratz,labhmmm
carlotahern12,labhmmm
sadgxd,labhmmm
galvez_lama,labhmmm
_Miiiriiam_,labhmmm
fernandezistas7,labhmmm
_Siempre_tu_,labhmmm
Bxllxdrama,labhmmm
abcdogss,labhmmm
slavgoddes,labhmmm
retromxs,labhmmm
flyingzx_,labhmmm
Mister_Proper,labhmmm
Dabiribibae,labhmmm
flyingxz_,labhmmm
asking_arabella,labhmmm
ineedmorealcoh_,labhmmm
adriianaEchelon,labhmmm
SrtaMars__,labhmmm
ismariso1,labhmmm
blackwolff_97,labhmmm
LordBalorap,labhmmm
MiChicAutentica,labhmmm
unnder_ground,labhmmm
isisrodriguezdm,labhmmm
FuckingWorld69,labhmmm
srtaskyve,labhmmm
cfmguerra,labhmmm
bilerrking1,labhmmm
globarbie_,labhmmm
SrtaNix,labhmmm
DiarioEtereo,labhmmm
Meelanicortes,labhmmm
davidschez,labhmmm
martaafdezz_,labhmmm
malamar_,labhmmm
Imtohsexy,labhmmm
TheEnd_x_,labhmmm
ppnax0,labhmmm
Angeelicawee,labhmmm
latetoapologiz3,labhmmm
Varo_XT,labhmmm
Edutj13,labhmmm
LauriitaVelasco,labhmmm
05__onelove,labhmmm
_ptreea,labhmmm
Pelirrojilla_,labhmmm
atlanths,labhmmm
softclown_,labhmmm
_daniMP_,labhmmm
DanielPuertasMn,labhmmm
Ines_SnCh,labhmmm
entresuspiros_,labhmmm
cazooorla,labhmmm
itsmyrhapsody,labhmmm
isaacBIOvega,labhmmm
onelapsus,labhmmm
Mirttt_,labhmmm
SrCardosoc97,labhmmm
lauralb98,labhmmm
ihesart,labhmmm
_n4h1r_,labhmmm
shhulix,labhmmm
_fatalillusion,labhmmm
Brendoos,labhmmm
Itsandytefer,labhmmm
BareaTimeless,labhmmm
Esther_DiamondR,labhmmm
BooklnLove,labhmmm
ladymentos,labhmmm
Tiriripati_,labhmmm
DennisRivera98,labhmmm
humoalpulmon__,labhmmm
MECHANICALCHOCO,labhmmm
noamandatt,labhmmm
SitaParawhore,labhmmm
wvxnr,labhmmm
soniia_loveJB,labhmmm
FrezzerRubio17,labhmmm
Constancy__,labhmmm
gin_alee,labhmmm
Carmen_Booh,labhmmm
GabrielaBrian1,labhmmm
joryx,labhmmm
lauraa1298,labhmmm
danxsia,labhmmm
Irenillax,labhmmm
albariicoque,labhmmm
_vmrt,labhmmm
lfawoficial,labhmmm
lollypop_smiles,labhmmm
Hastapenak,labhmmm
ihatetoall,labhmmm
Funkiyo,labhmmm
bringmethebirra,labhmmm
Beavm96,labhmmm
Ernitorrinco,labhmmm
ifreesoul_,labhmmm
Cheshire_Cerise,labhmmm
NirvHanne,labhmmm
nirx_,labhmmm
ca0s___,labhmmm
Lizsolano_,labhmmm
JaviLopAlv1,labhmmm
whxiss_,labhmmm
FalsaSonrisaXV,labhmmm
saddvida,labhmmm
UnaTortaLibre,labhmmm
ImMHtw,labhmmm
michelortega311,labhmmm
putosura,labhmmm
radiaktivo_,labhmmm
Croquetilla3000,labhmmm
SheilaEmece96,labhmmm
DANISAURI0,labhmmm
juanneira1989,labhmmm
HaztelaCresta,labhmmm
fresitaravera,labhmmm
AzaharaZahir,labhmmm
UnadeMuchas__,labhmmm
Churrii12,labhmmm
ivanloga,labhmmm
rafadiario,labhmmm
andreaglc_,labhmmm
srtacat_,labhmmm
nereita_11,labhmmm
baswery,labhmmm
FxckDistance_,labhmmm
marin_sk8,labhmmm
12Bollicao,labhmmm
Sandrovzt,labhmmm
cayetana_d,labhmmm
marinacardona_,labhmmm
agospey,labhmmm
SrtaSae,labhmmm
_badxz,labhmmm
albertodc_,labhmmm
Alex__MayBe,labhmmm
sbmeal,labhmmm
auroragonsalves,labhmmm
disastercornerr,labhmmm
OlvidarTx,labhmmm
raquelmaphz,labhmmm
Mariiia12_,labhmmm
GrapSenior,labhmmm
plmgrn,labhmmm
ivaanlopez16,labhmmm
neresancheez,labhmmm
Srtadiaz2,labhmmm
AndreSanchez_1,labhmmm
morcmhL,labhmmm
MiriamRomeroFlo,labhmmm
MonicRedondoSw,labhmmm
laaurasanchhez,labhmmm
Nereiisss,labhmmm
_rkrd,labhmmm
HectoR_22S,labhmmm
DOPPLEDDER,labhmmm
janet2211,labhmmm
senior_xd,labhmmm
diegohermosel98,labhmmm
Queme_Mira_Sapo,labhmmm
CorazonTintado,labhmmm
sara_gar12,labhmmm
aneherrero98,labhmmm
LidiaThstt,labhmmm
Majad_da,labhmmm
BertoWaldorf,labhmmm
idkkclau,labhmmm
Anacarrasco97,labhmmm
txmpxbt21,labhmmm
Lgbi_t,labhmmm
LauCAN1,labhmmm
joserra_gb,labhmmm
Lesmabet,labhmmm
thewaySHewants,labhmmm
Yo0liiTorres,labhmmm
Andriuu17,labhmmm
cliifffordd,labhmmm
sadisimaa,labhmmm
LaDe_Vladimir,labhmmm
_leelan_,labhmmm
AndreAddams,labhmmm
sebasrdguez,labhmmm
errorssecrets,labhmmm
martacriado1,labhmmm
CaptainHya666,labhmmm
Giliblog,labhmmm
aveirinha7,labhmmm
xxguillexx,labhmmm
mireialvrz,labhmmm
eelii7,labhmmm
__rubiusmylife_,labhmmm
ak_mtnezx,labhmmm
mariaamorb,labhmmm
Alexxdleeon,labhmmm
lucia_alvrzz,labhmmm
maicsss_,labhmmm
__grcx,labhmmm
IlMioAngelo_24,labhmmm
EstrellaNacho,labhmmm
mariaVillegas96,labhmmm
Sualde43,labhmmm
Vasqueez__,labhmmm
Rindelibros,labhmmm
Shelby_710,labhmmm
gema__1798,labhmmm
_IvxnG,labhmmm
BorjaM98,labhmmm
LuciConT,labhmmm
lumerakii,labhmmm
ThelightBehindx,labhmmm
ferfreevoice,labhmmm
DrummerInHeaven,labhmmm
yaizaadcg,labhmmm
laurarme18,labhmmm
mariacg309,labhmmm
Amaador30,labhmmm
valssein,labhmmm
traviedw,labhmmm
dthq_,labhmmm
ruinasypunto,labhmmm
anapayodiaz,labhmmm
seleming,labhmmm
Icrc_,labhmmm
sheriffripoll,labhmmm
Ruly1717,labhmmm
MariaMonteroOMG,labhmmm
Miriwoski,labhmmm
meeerypr,labhmmm
16miriamjimenez,labhmmm
itsessther,labhmmm
albgnzalez,labhmmm
becu_rro,labhmmm
RoyKersey,labhmmm
Heskizx,labhmmm
wohoo_1996,labhmmm
Haus0fScheibe,labhmmm
SrtoNono,labhmmm
anagonzaes10,labhmmm
Varo95m,labhmmm
__femininja_,labhmmm
serotoniana,labhmmm
gharziak,labhmmm
almuchacon,labhmmm
AdanVentas,labhmmm
DonFletilla3X4,labhmmm
albaruizs99,labhmmm
070cristina,labhmmm
Musicaalviento,labhmmm
DavidPerezCepe,labhmmm
yellowmelloow,labhmmm
_trikru,labhmmm
wolveshuntress,labhmmm
noexistoolis,labhmmm
CAlmarcegui,labhmmm
__triple0,labhmmm
_shelamr98,labhmmm
Gloriiafv,labhmmm
NataliaGleez,labhmmm
Noeeee2000,labhmmm
laugarr_,labhmmm
irwinsmiling_,labhmmm
KarlosBlinkitos,labhmmm
Seperez_98,labhmmm
rafittaaa124,labhmmm
UnRaperoMas,labhmmm
s3nt1d0c0mun,labhmmm
akaselenio,labhmmm
SekhenNose,labhmmm
Alex_under16,labhmmm
MisterDark27,labhmmm
Bertamc_21,labhmmm
Jennydelariva,labhmmm
asierjimenez_,labhmmm
Pabloskicool,labhmmm
makesyoublue,labhmmm
drownedemon,labhmmm
taxu77,labhmmm
YrayaRamirez,labhmmm
MilkaMuuCow,labhmmm
RocioSua17,labhmmm
MsNinx,labhmmm
Quelasanz_8,labhmmm
lauralr__,labhmmm
_eurek,labhmmm
SorayitaPrez,labhmmm
Davisete1999,labhmmm
SanchoNoelia,labhmmm
FacuRosales01,labhmmm
Srita_Cobainx_,labhmmm
Heyeye97,labhmmm
PosOccc,labhmmm
altibajxs_,labhmmm
volgyyyy,labhmmm
Sra_Galleta,labhmmm
lampeandix,labhmmm
andrea_21685,labhmmm
__umakemehappy,labhmmm
_Berths_,labhmmm
BollosaurioRex,labhmmm
PlumaTintaYPapl,labhmmm
deck_arte,labhmmm
takemetoLA_,labhmmm
renematus2233,labhmmm
inadecuate,labhmmm
RoFunes1,labhmmm
laradiactiva01,labhmmm
wildomtattoo,labhmmm
ManuGlez97,labhmmm
flejecabra,labhmmm
yuremyalexandra,labhmmm
GarciNavas,labhmmm
sarxru,labhmmm
Wolfmel_,labhmmm
superchocotw,labhmmm
adancurbelo,labhmmm
blaknorwait,labhmmm
gianholden,labhmmm
SaantiiPalacio,labhmmm
carmenbelentm,labhmmm
cariiinaaa5,labhmmm
Anon_Ayane,labhmmm
PerdidoAmante,labhmmm
World_AnimalES,labhmmm
AlbertoLancha,labhmmm
__agg24,labhmmm
12_marics,labhmmm
97vctr,labhmmm
Epiphany172,labhmmm
arefeelings_,labhmmm
JosSigueme,labhmmm
marinalopez_26,labhmmm
HastaElChocho_,labhmmm
tiyalamar,labhmmm
IFuckBatmanx,labhmmm
rositacoloress,labhmmm
LoveIsARealGame,labhmmm
cendres____,labhmmm
Cayend0_,labhmmm
LMohedano,labhmmm
Juliett3105,labhmmm
Chavarriiia,labhmmm
_stardustbits1,labhmmm
leosentropy,labhmmm
margapayerass,labhmmm
lorepedri,labhmmm
SilverMercury_,labhmmm
sofieli14,labhmmm
Cristina_198,labhmmm
laurajmr17,labhmmm
Victdrew,labhmmm
Dani_SB14,labhmmm
_amb_22,labhmmm
Breakbrokebrokn,labhmmm
Nat_Ngn,labhmmm
_btylt,labhmmm
__hxro,labhmmm
Araan195,labhmmm
alecastillomart,labhmmm
montana_marin,labhmmm
ariadnam21,labhmmm
sarahcueva_,labhmmm
irenelpz0,labhmmm
MiriamCerver,labhmmm
alexcardo0,labhmmm
PaElRojo,labhmmm
snowyrisk,labhmmm
mauroluquez,labhmmm
Nonete8,labhmmm
bearivas19,labhmmm
javitortx,labhmmm
Layman_and_Co,labhmmm
vrandnew,labhmmm
Cesarfdez10_,labhmmm
Mechasdecolores,labhmmm
RoxySonia_05,labhmmm
iakixalo8,labhmmm
MaialenAna,labhmmm
___mvx0z,labhmmm
gracia0502,labhmmm
MariiaTrece,labhmmm
Angela_herraez,labhmmm
deeeesss_,labhmmm
monicabermejo23,labhmmm
sheila_as_,labhmmm
yarawaters,labhmmm
12Strength,labhmmm
arcticlovem,labhmmm
Xela94_,labhmmm
xnerewex,labhmmm
Paulaa037,labhmmm
beeig_,labhmmm
JoseMorote16,labhmmm
EvaTiritii,labhmmm
SergioTazMan,labhmmm
MasiMinguez,labhmmm
papiimarc10,labhmmm
martagimeno9,labhmmm
TaniaMorales99,labhmmm
adela_ac10,labhmmm
AnaGarcia_1999,labhmmm
macklemorefeels,labhmmm
aishadreamer,labhmmm
disasterbel,labhmmm
snjcl_,labhmmm
Zea_Cubbins,labhmmm
RotaDentro,labhmmm
MeelMaldoB,labhmmm
alberthtorresr,labhmmm
YaayiB,labhmmm
OnlyLiax,labhmmm
AlbaBba98,labhmmm
Noeliamaria94,labhmmm
Albbirei,labhmmm
Beeegotxuu17,labhmmm
__wmxn,labhmmm
itsalbsky,labhmmm
k0alavida_,labhmmm
cma_christian,labhmmm
OrgulloGuanche,labhmmm
darksecrets__,labhmmm
XagaOne,labhmmm
daquileo,labhmmm
mariagomeznr,labhmmm
LidiaSalba,labhmmm
elena__anpi,labhmmm
Sarai3ap,labhmmm
bealopeznogales,labhmmm
vasitoistired,labhmmm
astridenvenus,labhmmm
_belenmoraless,labhmmm
araaaceli_97,labhmmm
charliesunset,labhmmm
estheerRml16,labhmmm
cristiswift,labhmmm
SrYeray,labhmmm
_jcarron,labhmmm
Elenaellas,labhmmm
Miriaaaam21,labhmmm
andumbra_,labhmmm
Anushgaro,labhmmm
BetweenFire,labhmmm
andrada1103,labhmmm
Lemonenlaherida,labhmmm
hysterixx__,labhmmm
Kryys___,labhmmm
Ivaan1097,labhmmm
AnneGlzv_,labhmmm
pedroruiz9,labhmmm
jessiblanco__,labhmmm
Failde77,labhmmm
CarlaGarLob,labhmmm
ZETA_deAlicante,labhmmm
MartaPerees,labhmmm
ahmontano,labhmmm
Noeliaa_15,labhmmm
laurapizzarro,labhmmm
mygogh,labhmmm
Valme_14,labhmmm
Despasito_,labhmmm
nataliaheq,labhmmm
whoisECO,labhmmm
AlecegaL_12,labhmmm
_pirulettas_,labhmmm
anmm_b_,labhmmm
ItziarDiazProd,labhmmm
juliassanders,labhmmm
MariaaDelgado12,labhmmm
raqueldpy,labhmmm
Beethisabeel_,labhmmm
gon_ricardo,labhmmm
camyqueeen,labhmmm
lolobe97,labhmmm
Zoepv_,labhmmm
Buahahahahahaha,labhmmm
Lucia_Smile_8,labhmmm
lau99_laura,labhmmm
davidswift13_,labhmmm
BiersackSalina,labhmmm
hurricane07_,labhmmm
vanst91,labhmmm
SitaDisaster,labhmmm
0troAlexMas,labhmmm
xfricx__,labhmmm
CryptoCowboy_T,labhmmm
soniasolalara,labhmmm
toxicina_,labhmmm
Bluevasss,labhmmm
31kilograms,labhmmm
XXVafuego,labhmmm
lilith289905,labhmmm
_saracuchillero,labhmmm
arancha_lopeez,labhmmm
sergiojiz,labhmmm
Muggsly_,labhmmm
M__Martinez,labhmmm
Brp98,labhmmm
kkatarsisss,labhmmm
Lord_Choped,labhmmm
Fourwinters02,labhmmm
JosuaGonza,labhmmm
_futbolera,labhmmm
ForcedSmileCG,labhmmm
emojiberenjena,labhmmm
Chicx_Toxicx,labhmmm
smokethetime,labhmmm
elignzalezt,labhmmm
paujrthd,labhmmm
Silvita__93,labhmmm
Carimagm98,labhmmm
Hendryxx_12,labhmmm
__Cercadeti,labhmmm
patri_osv19,labhmmm
__SrtaMorales,labhmmm
irenerc97,labhmmm
juliaaguilera_,labhmmm
_mxrtvn,labhmmm
Ainhoa_GGr,labhmmm
Luciagsanjorge,labhmmm
Dnvielsx,labhmmm
piangevole_,labhmmm
juleneladis_10,labhmmm
NACH099_,labhmmm
LesbianaErudita,labhmmm
elgranjho_98,labhmmm
EhTuF_llame,labhmmm
telepathic__,labhmmm
crismbe9,labhmmm
csioamp,labhmmm
healsmywounds,labhmmm
Mabi990,labhmmm
lauramoyag7,labhmmm
kaiofelipe19951,labhmmm
BananoteZUMBA,labhmmm
mss_gmm,labhmmm
Marta_Ramirez18,labhmmm
sonia_marcoss,labhmmm
irrrec,labhmmm
Selinakr_98,labhmmm
soniarm22,labhmmm
hartodearte,labhmmm
Claravg_18,labhmmm
Bernar1903,labhmmm
manuel_31_12,labhmmm
senssatez,labhmmm
sergiocunde,labhmmm
NoeliaMnieto,labhmmm
Luucia_27,labhmmm
_peipon,labhmmm
JavierPallas7,labhmmm
anclxdo_,labhmmm
lazaro_baraza,labhmmm
ItsSorin,labhmmm
infinit04_,labhmmm
bettercalljavi_,labhmmm
HadexD,labhmmm
NoFeelincs,labhmmm
RafasCMyk,labhmmm
ivivan98,labhmmm
_itsblvck,labhmmm
adamandaloussi,labhmmm
betobismol3,labhmmm
emy_hale,labhmmm
FamilyMateu,labhmmm
thaliagxrcia,labhmmm
YoelAndresAC2,labhmmm
SerraNFranco,labhmmm
JesusLlamas97,labhmmm
Barbie__Crypto,labhmmm
TrevanWilliams,labhmmm
andyhelping,labhmmm
lRipster47,labhmmm
Paraabolic_Matt,labhmmm
nftpassportkey,labhmmm
SIim___Shady,labhmmm
OhhShinny,labhmmm
bi4nca_b,labhmmm
OfifciaIRonaldo,labhmmm
RazvanRares,labhmmm
Rafa_Goz_,labhmmm
switchblades_bb,labhmmm
peulwesley,labhmmm
