lamalarancho,jerreramarcia
IbanMarcos,lamalarancho
sofymr90,lamalarancho
ChiraGounellei,lamalarancho
SusejVGC,lamalarancho
lilcabeSa,lamalarancho
albadelp,lamalarancho
Shinchan_out,lamalarancho
aitanaoliva_99,lamalarancho
martaamacias14,lamalarancho
LauraMRo24,lamalarancho
MartaJG99,lamalarancho
rastacai,lamalarancho
Albaog00,lamalarancho
albarcuesta,lamalarancho
jerreramarcia,lamalarancho
Juan_rh29,lamalarancho
toniiii9399,lamalarancho
silviagmz_,lamalarancho
esperanzagracia,lamalarancho
tauro_hn,lamalarancho
AliciaLozano188,lamalarancho
nocontextanhqv,lamalarancho
GabryGarcy,lamalarancho
JorgeMT2,lamalarancho
MarioMT99,lamalarancho
universoANHQV,lamalarancho
RoCampos40816,lamalarancho
jorgecyruss,lamalarancho
alonsosr_,lamalarancho
elinternadofile,lamalarancho
labhmmm,lamalarancho
dizzteK,lamalarancho
lucia_j_garcia,lamalarancho
owenjoyner,lamalarancho
jonasbrothers,lamalarancho
alvarojaro_,lamalarancho
raquelreitx,lamalarancho
CarlosCuevas44,lamalarancho
CharoMarin99,lamalarancho
ritamarquez99,lamalarancho
mariap639,lamalarancho
TutiBeneroso,lamalarancho
Mabi990,lamalarancho
Guiille1806,lamalarancho
PrisonBreak,lamalarancho
wentworthmiller,lamalarancho
Mlpm02,lamalarancho
fcoperezmoreno,lamalarancho
yohannavazquezr,lamalarancho
bell_ce8,lamalarancho
Nithreel,lamalarancho
martafs_00,lamalarancho
Belen__Aguilera,lamalarancho
Luciacl17,lamalarancho
dylanobrien,lamalarancho
davidreesm,lamalarancho
javimolinawr,lamalarancho
InesRisotas,lamalarancho
lapardashian,lamalarancho
mrj2301,lamalarancho
poramartinez,lamalarancho
AleCasteM,lamalarancho
Susi_Caramelo,lamalarancho
lolaindigomusic,lamalarancho
padecirnosotros,lamalarancho
zaharanozara,lamalarancho
margutierrezjz,lamalarancho
pabloamores00,lamalarancho
DaniJGonzalez_,lamalarancho
condenatedlxby,lamalarancho
Pepelu99_,lamalarancho
MaryaGuillen97,lamalarancho
AlexRios75,lamalarancho
wanitohd,lamalarancho
GonPadilla_05,lamalarancho
marcodubru,lamalarancho
lucy_targaryen,lamalarancho
claudiads00,lamalarancho
andreaponce_15,lamalarancho
terecel8,lamalarancho
Malickgomez992,lamalarancho
paulabarcia_,lamalarancho
04eiprolita,lamalarancho
carlelux,lamalarancho
ManuelCorrero1,lamalarancho
CurroTrivino,lamalarancho
josem_ovi,lamalarancho
kansaita_,lamalarancho
berryuca_,lamalarancho
pilarhdezz,lamalarancho
andreacompton,lamalarancho
hersimmar,lamalarancho
OyeKarma,lamalarancho
DanieloviedoM,lamalarancho
GemeliersMusic,lamalarancho
_jesus_OM,lamalarancho
IbaiLlanos,lamalarancho
__queriend0te,lamalarancho
_ANAMILAN_,lamalarancho
gersanc_,lamalarancho
lb_outofcontext,lamalarancho
p0pularbay,lamalarancho
jdom_60214,lamalarancho
nereamontero99,lamalarancho
patri_xomx,lamalarancho
heyenrik,lamalarancho
IvanMChef8,lamalarancho
