LauraLozano_17,jerreramarcia
jerreramarcia,LauraLozano_17
GonzaGlz,LauraLozano_17
lapiceromagico,LauraLozano_17
carmajgar,LauraLozano_17
Martaherrerag14,LauraLozano_17
alvaroguzz33,LauraLozano_17
lavecinarubia,LauraLozano_17
LaPinUp7,LauraLozano_17
iagocampa,LauraLozano_17
terebr96,LauraLozano_17
RubenFdezAviles,LauraLozano_17
A3Noticias,LauraLozano_17
arrebatoficial,LauraLozano_17
MariaGarcia_EM,LauraLozano_17
alexgonzalezact,LauraLozano_17
chiclett4u,LauraLozano_17
grupo5condicio1,LauraLozano_17
Kube_Algeciras,LauraLozano_17
style_XXI,LauraLozano_17
Puterful_es,LauraLozano_17
rubenmena8,LauraLozano_17
SergioCordoba95,LauraLozano_17
juanmacabo22,LauraLozano_17
Ferchuino17,LauraLozano_17
Barbasapiens,LauraLozano_17
JcsVII,LauraLozano_17
Joseluischico96,LauraLozano_17
ArantxaAranxa,LauraLozano_17
raulcorrero98,LauraLozano_17
Algeciras_Sur,LauraLozano_17
bebi_fernandez,LauraLozano_17
vivenavegando,LauraLozano_17
wizChocolate,LauraLozano_17
TheNiceEarth,LauraLozano_17
mario_casas_,LauraLozano_17
DamarisCampos97,LauraLozano_17
KiniCorrero,LauraLozano_17
ChrisEIite,LauraLozano_17
LuciaOliva97,LauraLozano_17
_MedievaIReacts,LauraLozano_17
Defreds,LauraLozano_17
saritadr_00,LauraLozano_17
losmasadorables,LauraLozano_17
ismaelperea9,LauraLozano_17
pedriito_8_,LauraLozano_17
SonMicroCuentos,LauraLozano_17
Alberto_EZ,LauraLozano_17
luisrueda101,LauraLozano_17
Sergio7RG,LauraLozano_17
9Daniela19,LauraLozano_17
borrachosEs,LauraLozano_17
paolamcor,LauraLozano_17
andresitoo_10,LauraLozano_17
juventudalge,LauraLozano_17
mariia6124,LauraLozano_17
mrwonderful_,LauraLozano_17
palomabu_,LauraLozano_17
97Cuenca,LauraLozano_17
BACHIENFURECIDO,LauraLozano_17
SandraPecino8,LauraLozano_17
MiriamGomez26,LauraLozano_17
Mirita259,LauraLozano_17
yohannavazquezr,LauraLozano_17
luciagarva,LauraLozano_17
Wikibarbas_,LauraLozano_17
LeoFaldo,LauraLozano_17
Miriam1426,LauraLozano_17
_Paisajes_,LauraLozano_17
csoaneeee,LauraLozano_17
2Palacios96,LauraLozano_17
AliciaCaro97,LauraLozano_17
paolitaa88,LauraLozano_17
SrTarro,LauraLozano_17
Ana_Acosta12,LauraLozano_17
MARIARONCEROO,LauraLozano_17
AnaRocioVG,LauraLozano_17
Clasobmon,LauraLozano_17
Basallote98,LauraLozano_17
JinaAguera,LauraLozano_17
estercitabernal,LauraLozano_17
Jesus_Castro_5,LauraLozano_17
alejandroSR_,LauraLozano_17
juan_guerrero45,LauraLozano_17
andrespardo1997,LauraLozano_17
ConH_27,LauraLozano_17
CristinaSodi09,LauraLozano_17
Franerreape1,LauraLozano_17
claaaudiacastro,LauraLozano_17
elenattorres98,LauraLozano_17
PaulaArconada98,LauraLozano_17
Rociogoonzalez9,LauraLozano_17
AROACABEZA,LauraLozano_17
YleePacheco6,LauraLozano_17
lilymengil,LauraLozano_17
Paquizimo,LauraLozano_17
TutiBeneroso,LauraLozano_17
Locus_22,LauraLozano_17
NeNerNerea,LauraLozano_17
JavidelaJara_11,LauraLozano_17
AlbaAragon1,LauraLozano_17
rubeengnzalez95,LauraLozano_17
isanoria3,LauraLozano_17
ainhoaro14,LauraLozano_17
PedritoLozano_8,LauraLozano_17
EstrellaSoto98,LauraLozano_17
Laura97Sanchez,LauraLozano_17
Roocio712,LauraLozano_17
OHARITA1,LauraLozano_17
SandraRD11,LauraLozano_17
AidaBarbie,LauraLozano_17
marinalozano6,LauraLozano_17
jonenergy18,LauraLozano_17
juanitopelukero,LauraLozano_17
Marinagaudy,LauraLozano_17
Martaloveparty,LauraLozano_17
DavidPecino1,LauraLozano_17
anamoramoreno97,LauraLozano_17
Ozeka_SNK,LauraLozano_17
tochapolvo,LauraLozano_17
emiemilio69,LauraLozano_17
nanicorrero,LauraLozano_17
JonathanRM94,LauraLozano_17
DavidEscalona96,LauraLozano_17
TaniaRo67547003,LauraLozano_17
josereina23,LauraLozano_17
Virgen007,LauraLozano_17
pablitoT7,LauraLozano_17
AndreMoreno12,LauraLozano_17
NoelBayarri,LauraLozano_17
AlbertoSantana_,LauraLozano_17
cristinaruiz05,LauraLozano_17
LauraRivera114,LauraLozano_17
AinhoaRodrigue9,LauraLozano_17
pilyae,LauraLozano_17
SandriMacias,LauraLozano_17
paolaestevez97,LauraLozano_17
BossHoraJoven,LauraLozano_17
Daniel_2319,LauraLozano_17
j_rolex,LauraLozano_17
JoseeLoppez,LauraLozano_17
xDani1996,LauraLozano_17
LauriitaGomez98,LauraLozano_17
Michiffu31,LauraLozano_17
ilde_6,LauraLozano_17
Celiasrn22,LauraLozano_17
cuevas_96,LauraLozano_17
LuciSanchez97,LauraLozano_17
MomaJoven,LauraLozano_17
juanfrita_3,LauraLozano_17
albakiss97,LauraLozano_17
Pilii21,LauraLozano_17
DaniGonz9,LauraLozano_17
martaherrera14,LauraLozano_17
abelpecino,LauraLozano_17
Eliacedo96,LauraLozano_17
Zaidacanopecino,LauraLozano_17
javieeeer1,LauraLozano_17
sofiasotoc,LauraLozano_17
paulajurado_16,LauraLozano_17
lorenzolobato98,LauraLozano_17
sanchez_melania,LauraLozano_17
monicalp97,LauraLozano_17
PaolaGuerra333,LauraLozano_17
Paula_Amores,LauraLozano_17
jose_lglesias,LauraLozano_17
Claaaudiia12,LauraLozano_17
SagrarioCava,LauraLozano_17
AliciaCG__,LauraLozano_17
virgipr1,LauraLozano_17
NuriaMelgarDuar,LauraLozano_17
Adrianafosela,LauraLozano_17
Celesste2r,LauraLozano_17
SaraSinZ,LauraLozano_17
evaaguilarr8,LauraLozano_17
HerminiaJimene5,LauraLozano_17
marinichis,LauraLozano_17
ClaudiaMG29,LauraLozano_17
AnitaGil95,LauraLozano_17
DeboConfesarQue,LauraLozano_17
XikyMelgar,LauraLozano_17
inesilva7,LauraLozano_17
pedriito887,LauraLozano_17
ramoncantudo_69,LauraLozano_17
pabloxerez11,LauraLozano_17
VictorRo97,LauraLozano_17
PaolaMaartinez,LauraLozano_17
escupotwits,LauraLozano_17
Barbara027,LauraLozano_17
palomaloveparty,LauraLozano_17
Sexo_Datos,LauraLozano_17
CarmenGomez_5,LauraLozano_17
YleniaPacheco97,LauraLozano_17
Lydia_Pareja,LauraLozano_17
MartitaRivera13,LauraLozano_17
Anafdeztore8,LauraLozano_17
Maripilii97,LauraLozano_17
Monyca_22,LauraLozano_17
Nekane97,LauraLozano_17
NoemiLS10,LauraLozano_17
natalianc17_,LauraLozano_17
MariaRR5,LauraLozano_17
manue_jimenez,LauraLozano_17
ssandrassanchez,LauraLozano_17
IsaNoria1,LauraLozano_17
AliciaPrez14,LauraLozano_17
NuryttaaCarrion,LauraLozano_17
wanitohd,LauraLozano_17
MarinaHerrera14,LauraLozano_17
marisrub,LauraLozano_17
LidiaGarciaRios,LauraLozano_17
LaLariisiitta96,LauraLozano_17
NereeaGonzalez,LauraLozano_17
anttto1,LauraLozano_17
jacinto_99,LauraLozano_17
ArjonaKiko,LauraLozano_17
AliciaLozano188,LauraLozano_17
noemimyrodrgz,LauraLozano_17
