ligiahzamora,jerreramarcia
TheHarryNews,ligiahzamora
HSHQ,ligiahzamora
nytimes,ligiahzamora
jeffrx13,ligiahzamora
nohazb,ligiahzamora
zinosspe,ligiahzamora
JuliaSanchezzz2,ligiahzamora
chiquui02,ligiahzamora
KMbappe,ligiahzamora
monicaacuadro,ligiahzamora
10Ronaldinho,ligiahzamora
hstylespics,ligiahzamora
angelapz10,ligiahzamora
avajules_,ligiahzamora
theharrylibrary,ligiahzamora
todays1dhistory,ligiahzamora
albbarojass,ligiahzamora
capricornio_hn,ligiahzamora
Harry_Styles,ligiahzamora
NiallOfficial,ligiahzamora
LiamPayne,ligiahzamora
zaynmalik,ligiahzamora
lottietommo,ligiahzamora
GemmaAnneStyles,ligiahzamora
MrsAnneTwist,ligiahzamora
onedirection,ligiahzamora
Louis_Tomlinson,ligiahzamora
euphoriaHBO,ligiahzamora
Manuel00154956,ligiahzamora
alexafiles,ligiahzamora
AlexaDemie,ligiahzamora
anascods,ligiahzamora
jorgecyruss,ligiahzamora
anrodriguez__02,ligiahzamora
lvciliem,ligiahzamora
nurrwolf,ligiahzamora
melafiam,ligiahzamora
meiisancheez,ligiahzamora
cristiipisti,ligiahzamora
Lauraarivv,ligiahzamora
aitana_melgar,ligiahzamora
martarosillo24,ligiahzamora
EncarniHig,ligiahzamora
noeliadelicado_,ligiahzamora
cristiirm4,ligiahzamora
mariina52_,ligiahzamora
mariadelji,ligiahzamora
Elmoro_12,ligiahzamora
azahar61632961,ligiahzamora
insidefriends,ligiahzamora
Lidiaaasanchez,ligiahzamora
alejandravp12_,ligiahzamora
cxrrmen_,ligiahzamora
bblf__,ligiahzamora
_luciabravo_,ligiahzamora
andreaaroj,ligiahzamora
jefrx13,ligiahzamora
YdeYussef,ligiahzamora
Heynalau,ligiahzamora
marina_guerrer0,ligiahzamora
luciiaa_666,ligiahzamora
ana_rocal,ligiahzamora
nhoa_ds,ligiahzamora
CristinaPrzT,ligiahzamora
adriaanavm,ligiahzamora
lb_outofcontext,ligiahzamora
tessajg01,ligiahzamora
ElviraArminio00,ligiahzamora
martamxrales,ligiahzamora
Carlagrise00,ligiahzamora
Isidro___,ligiahzamora
caarol23,ligiahzamora
aliciamh_01,ligiahzamora
misscroquetita,ligiahzamora
AmeliaaHodgetts,ligiahzamora
mandsam7,ligiahzamora
saritx_,ligiahzamora
pbrvxla511,ligiahzamora
almohipola1,ligiahzamora
itsbonachera,ligiahzamora
xaxosoyunpunki,ligiahzamora
ale__macias,ligiahzamora
annebg91,ligiahzamora
mrj2301,ligiahzamora
jerreramarcia,ligiahzamora
InmaChRo,ligiahzamora
av0ca2,ligiahzamora
saraabd_14,ligiahzamora
luciavilchess,ligiahzamora
esthersanchee,ligiahzamora
claucarmonaa,ligiahzamora
slpxm,ligiahzamora
JavierAldana01,ligiahzamora
manu_bmartins,ligiahzamora
alejandracr003,ligiahzamora
aguileera05,ligiahzamora
TravelVida,ligiahzamora
aitormarquezz,ligiahzamora
marinaab02,ligiahzamora
MariaBrav0,ligiahzamora
mat_andrade02,ligiahzamora
bernafonts,ligiahzamora
Iratxegarci_,ligiahzamora
luciajmnezg,ligiahzamora
jesusrj1236,ligiahzamora
gonnzalechon,ligiahzamora
mariiagnzlez,ligiahzamora
its_jlgp,ligiahzamora
siqueiranaf,ligiahzamora
pmarantxa,ligiahzamora
Michellebaernn,ligiahzamora
IsaExposito6,ligiahzamora
domingopavon201,ligiahzamora
hugozamorita22,ligiahzamora
josemariarnet,ligiahzamora
pilarML02,ligiahzamora
cunhar_v,ligiahzamora
jsethomaz,ligiahzamora
anaguimaraess_,ligiahzamora
vickythorminn,ligiahzamora
sophia_beloni,ligiahzamora
