maariacorbacho,jerreramarcia
gonzalo2603,maariacorbacho
enferactive,maariacorbacho
labhmmm,maariacorbacho
thaliaaamores,maariacorbacho
Julia_Janeiro27,maariacorbacho
condenatedlxby,maariacorbacho
lucia_j_garcia,maariacorbacho
Tieneunpape,maariacorbacho
Suligomez00,maariacorbacho
platanomelon,maariacorbacho
covid19_m,maariacorbacho
Juan_rh29,maariacorbacho
YasminaAlvarezA,maariacorbacho
bell_ce8,maariacorbacho
PaulaArconada98,maariacorbacho
CecilioMartin06,maariacorbacho
ccgarcia12,maariacorbacho
skinnyflakk,maariacorbacho
chemaviko,maariacorbacho
Fini_golosinas,maariacorbacho
andreahr0,maariacorbacho
natalialacunza,maariacorbacho
el_pais,maariacorbacho
elmundoes,maariacorbacho
LaVanguardia,maariacorbacho
Nazaret_cc,maariacorbacho
Castan96,maariacorbacho
Iratxegarci_,maariacorbacho
ajedre97,maariacorbacho
AdrianBenitezC0,maariacorbacho
lidiaaruizz_,maariacorbacho
InmaChRo,maariacorbacho
Malickgomez992,maariacorbacho
Almuudena16,maariacorbacho
lolaa_ec,maariacorbacho
alebaez33,maariacorbacho
72kilos,maariacorbacho
_tumae,maariacorbacho
JMarquesSoprano,maariacorbacho
luciacg_28,maariacorbacho
unshaval,maariacorbacho
patri_xomx,maariacorbacho
frases_y_mass,maariacorbacho
gimrichi,maariacorbacho
lucy_targaryen,maariacorbacho
nereamontero99,maariacorbacho
nataliainfant12,maariacorbacho
almohipola1,maariacorbacho
isma2dr,maariacorbacho
criistinaa_19,maariacorbacho
GgIzabela,maariacorbacho
pableteGP,maariacorbacho
josemitorrejon,maariacorbacho
alejandracrc,maariacorbacho
rosariofeer24,maariacorbacho
Laura88621739,maariacorbacho
margutierrezjz,maariacorbacho
adriaanavm,maariacorbacho
Vitalisioo,maariacorbacho
horoscopolibra,maariacorbacho
JosemariGR_,maariacorbacho
BICHARRACOO,maariacorbacho
manu6sb,maariacorbacho
PabloIglesias,maariacorbacho
laurarodcas_,maariacorbacho
paolaachicanoo_,maariacorbacho
mmariacampos_,maariacorbacho
PedroFerreir17,maariacorbacho
Currort99,maariacorbacho
anazamorac_,maariacorbacho
jerreramarcia,maariacorbacho
sandras19C,maariacorbacho
Martasanchezc19,maariacorbacho
juanfrangu8,maariacorbacho
Ele31730828,maariacorbacho
anabarranco14,maariacorbacho
andreaarm9,maariacorbacho
aguileera05,maariacorbacho
natalianc17_,maariacorbacho
daaniedelgado97,maariacorbacho
IvanMayor_97,maariacorbacho
Ozeka_SNK,maariacorbacho
_BLoves,maariacorbacho
Smlbest1,maariacorbacho
MariaAlba99,maariacorbacho
AndreMoreno12,maariacorbacho
sofcoconut,maariacorbacho
alvarojaro_,maariacorbacho
andreaponce_15,maariacorbacho
TeresaSanz9,maariacorbacho
cabodeplatafest,maariacorbacho
RafaelCabaliere,maariacorbacho
Jorgevg_33,maariacorbacho
mmxr__,maariacorbacho
Martamherrera15,maariacorbacho
OscarSalazarRo4,maariacorbacho
malickgomez99,maariacorbacho
manuvi00,maariacorbacho
LauraCl4,maariacorbacho
akabadgem,maariacorbacho
gabrirocha00,maariacorbacho
terecel8,maariacorbacho
beaalmansa03,maariacorbacho
guticarmen1,maariacorbacho
JavierBeret,maariacorbacho
enriqueqa5,maariacorbacho
albertovega00,maariacorbacho
aleexaaa_tj,maariacorbacho
Felipe33873976,maariacorbacho
almuudena_16,maariacorbacho
gf12_alex,maariacorbacho
irenespinosa20,maariacorbacho
CotilleoUMA,maariacorbacho
nickztqb,maariacorbacho
JaimeSarrias,maariacorbacho
magic_cristo,maariacorbacho
pedriito_8_,maariacorbacho
_L_X_F__,maariacorbacho
paulabarcia_,maariacorbacho
malickgomez991,maariacorbacho
darioga77_dario,maariacorbacho
Rubeen_80,maariacorbacho
anabel_gazquez,maariacorbacho
kaze_cartagena,maariacorbacho
luisSG5,maariacorbacho
Ped_1711,maariacorbacho
Mariasancheez22,maariacorbacho
pelopantene,maariacorbacho
franesq_,maariacorbacho
jpelaez_m,maariacorbacho
5maurijurado,maariacorbacho
LauGil99,maariacorbacho
claudiads00,maariacorbacho
pabloamores00,maariacorbacho
pabloespinosa_4,maariacorbacho
CristiPedroche,maariacorbacho
GABRIGP94,maariacorbacho
AriiadnaO,maariacorbacho
manuelcarrasco_,maariacorbacho
ivaancabezaa,maariacorbacho
leleehx,maariacorbacho
martafs_00,maariacorbacho
fabi2700,maariacorbacho
rociosf2000,maariacorbacho
Laauri_00,maariacorbacho
lcbmadrid,maariacorbacho
JuanmyLA,maariacorbacho
rihanna,maariacorbacho
SignoLibraRD,maariacorbacho
OscarSR1608,maariacorbacho
7antoniogr,maariacorbacho
Angelasardaa00,maariacorbacho
imlobby,maariacorbacho
sebascb09,maariacorbacho
Alex_Gf12,maariacorbacho
albasarmiento00,maariacorbacho
yolanda24315319,maariacorbacho
pilarhdezz,maariacorbacho
laurixu30,maariacorbacho
lilymengil,maariacorbacho
albacactus,maariacorbacho
PabloAmores11,maariacorbacho
rubeenciittoo,maariacorbacho
angeladh9,maariacorbacho
DaniielTorrejon,maariacorbacho
andreaductor27,maariacorbacho
GonPadilla_05,maariacorbacho
raquelgonzc29,maariacorbacho
alehandrafosela,maariacorbacho
carmencitta__,maariacorbacho
cristinagonz021,maariacorbacho
noeliagr33,maariacorbacho
MiHoroscopoEs,maariacorbacho
wanitohd,maariacorbacho
tonimuunoz,maariacorbacho
martalozanop,maariacorbacho
_21gramos_,maariacorbacho
alejaandrapc,maariacorbacho
cristinarc23,maariacorbacho
mbenitez26,maariacorbacho
TuCaraMSuena,maariacorbacho
horoscoponegro,maariacorbacho
GHmomentazos,maariacorbacho
DANIROVIRA,maariacorbacho
pabloalboran,maariacorbacho
ZodiacoHoy,maariacorbacho
