marcodubru,jerreramarcia
CruzCafune,marcodubru
BigBlueOcean4,marcodubru
benitovictor,marcodubru
irene_belice,marcodubru
la_solso,marcodubru
Wikiwallapop,marcodubru
bizarrap,marcodubru
tingurzz,marcodubru
maarta_08_,marcodubru
DBPerfectShots,marcodubru
darioemehache,marcodubru
ben1234ben13,marcodubru
at_nocontext,marcodubru
andrealuque21,marcodubru
dvdrm01,marcodubru
SolamenteVlady,marcodubru
PerfectlyShots,marcodubru
lyricshitposts,marcodubru
RazerES,marcodubru
ManMilk2,marcodubru
claudia_gbt,marcodubru
Renezzbro,marcodubru
alfonsofp58,marcodubru
WanilloOOC,marcodubru
DeLlorca_,marcodubru
ivandooblef,marcodubru
ElXokas__OOC,marcodubru
cristirechee,marcodubru
04eiprolita,marcodubru
sagitt_sun,marcodubru
cars_frases,marcodubru
Juan_rh29,marcodubru
orslok,marcodubru
martafs_00,marcodubru
Sanchovies,marcodubru
Rubiu5,marcodubru
lamalarancho,marcodubru
Borja__Alvarez,marcodubru
Julia_Janeiro27,marcodubru
ElOjoNinja,marcodubru
anarg_01,marcodubru
Malickgomez992,marcodubru
spoksponha,marcodubru
perritoo_,marcodubru
Tragabuchetwits,marcodubru
unshaval,marcodubru
officecontexts,marcodubru
alba_gbt,marcodubru
eljueves,marcodubru
victorr__fdez,marcodubru
silviaformula1,marcodubru
Rt_YourFavBands,marcodubru
IvanMayor_97,marcodubru
MejoresRimass,marcodubru
AAAAAGGHHHH,marcodubru
HoyNoSeSale,marcodubru
Al_varado_,marcodubru
guerracivilbot,marcodubru
lollatam,marcodubru
jerreramarcia,marcodubru
terecel8,marcodubru
yisucrist,marcodubru
kaze_cartagena,marcodubru
manutegaming,marcodubru
ManuelHuedo,marcodubru
jaimealtozano,marcodubru
ordurebizarree,marcodubru
TwitterGaming,marcodubru
FolagoR,marcodubru
Ihatehitler69,marcodubru
candaodemierda,marcodubru
ShaunTrack,marcodubru
relatixns,marcodubru
redbullbatalla,marcodubru
PokeCitas,marcodubru
quimicaPau,marcodubru
agnesxgez,marcodubru
muse,marcodubru
MattBellamy,marcodubru
andreaponce_15,marcodubru
_tumae,marcodubru
GonPadilla_05,marcodubru
AliciaLozano188,marcodubru
IbaiLlanos,marcodubru
condenatedlxby,marcodubru
EvilAFM,marcodubru
Buenafuente,marcodubru
SSantiagosegura,marcodubru
rtsimpsons,marcodubru
NintendoEurope,marcodubru
pacoleonbarrios,marcodubru
BenWaltonGG,marcodubru
TodoLosSimpson,marcodubru
auronplay,marcodubru
carlelux,marcodubru
nereamontero99,marcodubru
OscarSalazarRo4,marcodubru
emoxodemierda,marcodubru
GABRIGP94,marcodubru
josem_ovi,marcodubru
malickgomez99,marcodubru
_L_X_F__,marcodubru
RafaelNadal,marcodubru
