martafs_00,jerreramarcia
NoeGarPez,martafs_00
uxianv_99,martafs_00
fatima_sendra,martafs_00
SaulCandan,martafs_00
anaviila,martafs_00
XManuXM,martafs_00
Caandibarbosa,martafs_00
candeferreiro_,martafs_00
martin50962424,martafs_00
gorkisan98,martafs_00
carmelitaa15,martafs_00
merdenta,martafs_00
vandomiguel44,martafs_00
diegovf16,martafs_00
Aldaraf25,martafs_00
MalditaGitana,martafs_00
FerJotaFer,martafs_00
carli_roman,martafs_00
Agarimo7,martafs_00
andreesvega_,martafs_00
gominolasdpetro,martafs_00
blanca_radiob,martafs_00
th_kaiserchief,martafs_00
rodriguezzzlau,martafs_00
davidgsmara11,martafs_00
pequexiv2,martafs_00
gonzalojacome,martafs_00
raquelitacd_17,martafs_00
carmeenpalomino,martafs_00
AestheticsViews,martafs_00
LauGlzArt,martafs_00
marcodubru,martafs_00
marta_agredano,martafs_00
martinasalazarp,martafs_00
borjafdez6,martafs_00
AntiaBote,martafs_00
BustoPrez,martafs_00
eloy_fn,martafs_00
emi_hernandez7,martafs_00
paolamcor,martafs_00
zorrademrda,martafs_00
mariaestela_17,martafs_00
cjuanrodriguez,martafs_00
andreescuaatro,martafs_00
AroaC_,martafs_00
Iaaaaagooooo,martafs_00
d_o_n_e_t_e,martafs_00
heyyouiago,martafs_00
17Miguelpuente,martafs_00
Charly_ybb,martafs_00
inessyouth,martafs_00
icia_gomez0,martafs_00
MartaMorr,martafs_00
10Jorgerom,martafs_00
aleriveraot,martafs_00
Julia_Janeiro27,martafs_00
malacarasev,martafs_00
GabryGarcy,martafs_00
vanesadean,martafs_00
lucia_j_garcia,martafs_00
Irenecarro2,martafs_00
a98b34d25a5e498,martafs_00
Porrys23,martafs_00
tonykflipas,martafs_00
fuck_you1312,martafs_00
mariaa8,martafs_00
daavidalbert,martafs_00
Albaog00,martafs_00
gemaacea,martafs_00
msaampietro,martafs_00
AndreaPena_13,martafs_00
pabloolopez9,martafs_00
Martarubio12,martafs_00
sofsamu,martafs_00
aorozcofisio6,martafs_00
adrimanso381,martafs_00
Melodyalvarez07,martafs_00
lamalarancho,martafs_00
elenaglez71,martafs_00
fabiolandrades_,martafs_00
champii_,martafs_00
_tresska_,martafs_00
BarberanSaul,martafs_00
YasminaAlvarezA,martafs_00
bell_ce8,martafs_00
jorsanma3211,martafs_00
aalejandraa1919,martafs_00
anabel_gazquez,martafs_00
anitaromero29_,martafs_00
dukketa,martafs_00
PaolafdezYT,martafs_00
uxiafontan,martafs_00
luciacuevas_,martafs_00
bygonzich,martafs_00
mbxjxr,martafs_00
aliguerra17_,martafs_00
Alexbarreno10,martafs_00
valemendez2401,martafs_00
alexpika33,martafs_00
torresmartin00,martafs_00
pedrooito,martafs_00
Alberte05075583,martafs_00
alexmendezlore1,martafs_00
Martaaragon8,martafs_00
_gloriagj,martafs_00
Pablo_Cuenca6,martafs_00
ToniMorega,martafs_00
_IsmaelRojas,martafs_00
salvaBinimelis,martafs_00
_lagrimaldi,martafs_00
saragarciia9,martafs_00
Mariachulian5,martafs_00
_Slachh,martafs_00
killtheneep,martafs_00
iriang_,martafs_00
claudianavass,martafs_00
pbrvxla511,martafs_00
AleCano_98,martafs_00
blancadiosdado_,martafs_00
Vvivanco14_,martafs_00
fabiana001_,martafs_00
Inmica90,martafs_00
Paulits001,martafs_00
MariiiaMP00,martafs_00
JesusColadas,martafs_00
AlbaAragon1,martafs_00
ramoncs_,martafs_00
paula_abeledo,martafs_00
albbita24,martafs_00
13jrNee,martafs_00
evaa28_,martafs_00
ana_gil151,martafs_00
jesuscorbacho01,martafs_00
Davidenko27,martafs_00
4avalverde,martafs_00
RoCampos40816,martafs_00
carreramiguelo,martafs_00
marinagm96,martafs_00
Anna_Melgar6,martafs_00
Aliciacgav,martafs_00
angel_alvzz,martafs_00
Ireneatienzaca,martafs_00
DanielMelgarDua,martafs_00
Franpeluu,martafs_00
rebequi05,martafs_00
tonimuunoz,martafs_00
pablisanchez99,martafs_00
alejandravp12_,martafs_00
Ismaelruiiz_,martafs_00
Suenamal,martafs_00
AdrianBenitezC0,martafs_00
lidiaaruizz_,martafs_00
Malickgomez992,martafs_00
Titofuli10,martafs_00
carmenrelinque8,martafs_00
aroacbeza10,martafs_00
irenecarro_,martafs_00
miriamcanton261,martafs_00
lilimp_99,martafs_00
albaroman0111,martafs_00
Carloti99,martafs_00
MarcosAbal,martafs_00
xuliogl,martafs_00
cristinaf_p,martafs_00
martiitaalvarez,martafs_00
1pocodesastre,martafs_00
Heextreme,martafs_00
unshaval,martafs_00
alonsosr_,martafs_00
mariotg24,martafs_00
Anaolimelg,martafs_00
anasg31,martafs_00
ChariSanchezW,martafs_00
adegil9,martafs_00
Xahul7,martafs_00
CarmenRosety,martafs_00
juliadereuver_,martafs_00
Xahul5,martafs_00
AinhoaRodrigue9,martafs_00
gonnzalechon,martafs_00
juanitoo42,martafs_00
margutierrezjz,martafs_00
ElviraArminio00,martafs_00
belennsia,martafs_00
Caroolinaa19_,martafs_00
cestdomage,martafs_00
natit01,martafs_00
_jakefernandes_,martafs_00
ChrisLawliet21,martafs_00
mmxr__,martafs_00
SandraRD11,martafs_00
carlelux,martafs_00
Laura88621739,martafs_00
gabrirocha00,martafs_00
Al_varado_,martafs_00
DanielGegner,martafs_00
xqluiss,martafs_00
Manolo_g_i_97,martafs_00
pilyae,martafs_00
Ivanpinierito,martafs_00
belenmcuello,martafs_00
PablinGC99,martafs_00
antonbouzada,martafs_00
marinichis,martafs_00
Rosaduarteb_,martafs_00
andreaarm9,martafs_00
Sandragaleraag,martafs_00
ariadnapalma8,martafs_00
Carlagrise00,martafs_00
albacapeloperez,martafs_00
MiguelAngel_SJ,martafs_00
ferdym225,martafs_00
JuaoTole,martafs_00
pablo_parody,martafs_00
paulamateo__,martafs_00
luoterom_,martafs_00
ale_fernaandez,martafs_00
sandritadv161,martafs_00
albaalopez_,martafs_00
cristinasalas01,martafs_00
Clasobmon,martafs_00
20morales_,martafs_00
SandraaGaleraG,martafs_00
labhmmm,martafs_00
casanuevamartin,martafs_00
Marisasalas4,martafs_00
Laura97Sanchez,martafs_00
PaulaBarciela8,martafs_00
ConH_27,martafs_00
Tetegutierrez8,martafs_00
JesuleG10,martafs_00
DaniGonz9,martafs_00
Ozeka_SNK,martafs_00
JuanmyLA,martafs_00
jerreramarcia,martafs_00
aitanapascualg,martafs_00
carmensitttt,martafs_00
anamontull_,martafs_00
jpelaez_m,martafs_00
mar99rv,martafs_00
AlexRios75,martafs_00
adriaanavm,martafs_00
BreoganRG24,martafs_00
_manugc99,martafs_00
doorsmarta,martafs_00
andrestark_46,martafs_00
MrPibb_06,martafs_00
DrunkWobbuffett,martafs_00
Oscarvar4,martafs_00
adeaitanaiugh,martafs_00
Chaiin96,martafs_00
nuriafs94,martafs_00
Anagmacias1,martafs_00
alvaromt21,martafs_00
peepaotegui_,martafs_00
pauguerrero29,martafs_00
raqueel__01,martafs_00
isma2dr,martafs_00
Paco13aguilar,martafs_00
JonathanRM94,martafs_00
jessicafdez12,martafs_00
josemitorrejon,martafs_00
nachogomezz01,martafs_00
NooeGutiGarci,martafs_00
nickztqb,martafs_00
claumacias01,martafs_00
terecel8,martafs_00
gonzalo2603,martafs_00
paulabarcia_,martafs_00
covamolina,martafs_00
EMolares,martafs_00
anaamontull_,martafs_00
alvarojaro_,martafs_00
InmaChRo,martafs_00
anaclvc,martafs_00
Maria89337059,martafs_00
criistinaa_19,martafs_00
TaniaRo67547003,martafs_00
PaulaArconada98,martafs_00
JosemariGR_,martafs_00
Clauudiap_01,martafs_00
LitronaPapi,martafs_00
blafesi,martafs_00
albertovega00,martafs_00
almohipola1,martafs_00
pafeee99,martafs_00
irenespinosa20,martafs_00
Paolamq00,martafs_00
laiz_diego,martafs_00
JoeelVLV,martafs_00
Lennnnn25,martafs_00
DiegoRuizz99,martafs_00
Nithreel,martafs_00
andreaductor27,martafs_00
pedroberenguer,martafs_00
Nuuriatorres_,martafs_00
Danilm99_,martafs_00
Martaherrerag14,martafs_00
cristianzapaa,martafs_00
anazamorac_,martafs_00
pablofrz98,martafs_00
Josemag7_,martafs_00
JoseCarrillo99x,martafs_00
LuciaOliva97,martafs_00
heyenrik,martafs_00
GonzaHdez99,martafs_00
juanfrangu8,martafs_00
JaimeSarrias,martafs_00
susanag618_,martafs_00
enriqueqa5,martafs_00
nereasanchez29,martafs_00
ajedre97,martafs_00
albasarmiento00,martafs_00
NurGomez17,martafs_00
ivaancabezaa,martafs_00
JavidelaJara_11,martafs_00
Alvarits_97,martafs_00
manue_jimenez,martafs_00
1Dpd11,martafs_00
Alberto_EZ,martafs_00
edunavarro9,martafs_00
xDani1996,martafs_00
Manzanares35,martafs_00
MartaJimenez20,martafs_00
Iratxegarci_,martafs_00
Carmen_correro,martafs_00
viccm18,martafs_00
malickgomez99,martafs_00
malickgomez991,martafs_00
Barbasapiens,martafs_00
DomiAguilar5,martafs_00
pableteGP,martafs_00
paaola_fdez,martafs_00
Laauri_00,martafs_00
mmariacampos_,martafs_00
_L_X_F__,martafs_00
pablo_marchante,martafs_00
Cristinasr34,martafs_00
minervamr_99,martafs_00
andreaponce_15,martafs_00
GABRIGP94,martafs_00
nereamontero99,martafs_00
noelenriquel,martafs_00
crismbe9,martafs_00
Mabi990,martafs_00
jesusrj1236,martafs_00
ismaelperea9,martafs_00
pequexiv,martafs_00
lucy_targaryen,martafs_00
raquelmd1617,martafs_00
lidiadonya_,martafs_00
Vitalisioo,martafs_00
patri_xomx,martafs_00
UVerbrugghe,martafs_00
Salamandraman,martafs_00
aroamart8,martafs_00
Currort99,martafs_00
Rubeen_80,martafs_00
olivamuga,martafs_00
anaines_25,martafs_00
danielavf24,martafs_00
melanieamores98,martafs_00
GonzaGlz,martafs_00
celiag98,martafs_00
inmi_27,martafs_00
JoseMateos99,martafs_00
_claubarranco,martafs_00
daniluque99,martafs_00
laurixu30,martafs_00
Mellaman_negro,martafs_00
claudiads00,martafs_00
pabloamores00,martafs_00
fienalleman,martafs_00
Marialopeez2,martafs_00
_BLoves,martafs_00
alejaandrapc,martafs_00
sofiafurse,martafs_00
maariacorbacho,martafs_00
maria14_99,martafs_00
mjmarin99,martafs_00
Jimenez_Delia99,martafs_00
CharoMarin99,martafs_00
Andrea_R_A_,martafs_00
albarcuesta,martafs_00
J_vanwyk,martafs_00
angeladh9,martafs_00
LidiaGalera,martafs_00
olgasanchez17_,martafs_00
BegoVivanco,martafs_00
n9noelia,martafs_00
AndreMoreno12,martafs_00
nataliainfant12,martafs_00
sebascb09,martafs_00
joaquincm15,martafs_00
7antoniogr,martafs_00
PiliiFS,martafs_00
criscantero17,martafs_00
albirodri_7058,martafs_00
Mirita259,martafs_00
cristinaruiz05,martafs_00
pabloxerez11,martafs_00
rubeenciittoo,martafs_00
Alonsosilva98,martafs_00
IreneGonz14,martafs_00
_tumae,martafs_00
Pblo00,martafs_00
imlobby,martafs_00
pilarhdezz,martafs_00
bryanrodrigue00,martafs_00
ireneperez_99,martafs_00
MartaJG99,martafs_00
crisgarcia_28,martafs_00
paulajurado_16,martafs_00
JorgeMT2,martafs_00
gimrichi,martafs_00
maaariiiaa_06,martafs_00
ireneatienzac,martafs_00
Mariadelmarnh,martafs_00
nataliaorozcog,martafs_00
sofiasotoc,martafs_00
SaraSinZ,martafs_00
Paula_Amores,martafs_00
ale7coronil,martafs_00
MaryaGuillen97,martafs_00
lorenzolobato98,martafs_00
ClaraVallejo29,martafs_00
MiriamGomez26,martafs_00
Maria151012,martafs_00
BICHARRACOO,martafs_00
luisSG5,martafs_00
Rociioo001,martafs_00
MarioMT99,martafs_00
gomfrr,martafs_00
alvarosolac,martafs_00
NandoGarcia15,martafs_00
PabloMarin24,martafs_00
AleAcosta_1,martafs_00
D_Perez98,martafs_00
TutiBeneroso,martafs_00
ritamarquez99,martafs_00
laurarodcas_,martafs_00
santialcn,martafs_00
JRamiirez13,martafs_00
Currito_6,martafs_00
AbelPecino97,martafs_00
vii15_,martafs_00
Paulilii8,martafs_00
AlvaroSF3,martafs_00
MariaAlba99,martafs_00
_thisismenow,martafs_00
Laura99Herrera,martafs_00
anaadominguez_,martafs_00
josem_ovi,martafs_00
fabi2700,martafs_00
aroavaldivia,martafs_00
SantiRico3,martafs_00
1999_anamari,martafs_00
cristinarc23,martafs_00
franesq_,martafs_00
AliciaLozano188,martafs_00
Angelasardaa00,martafs_00
5maurijurado,martafs_00
alehandrafosela,martafs_00
noeliagr33,martafs_00
Luciacl17,martafs_00
LauGil99,martafs_00
lilymengil,martafs_00
PabloAmores11,martafs_00
mariaclvc,martafs_00
Martamherrera15,martafs_00
Mariasancheez22,martafs_00
darioga77_dario,martafs_00
yohannavazquezr,martafs_00
ylenita_14,martafs_00
martita29_,martafs_00
aguileera05,martafs_00
wanitohd,martafs_00
Franvherrera97,martafs_00
GonPadilla_05,martafs_00
natalianc17_,martafs_00
DaniielTorrejon,martafs_00
raquelgonzc29,martafs_00
yolanda24315319,martafs_00
cristinagonz021,martafs_00
Jorgevg_33,martafs_00
