mss_gmm,jerreramarcia
Juan_rh29,mss_gmm
zaravispa,mss_gmm
FallonTonight,mss_gmm
MileyCyrus,mss_gmm
mariaisabelrr9,mss_gmm
paulabarcia_,mss_gmm
FuckCarrerasUGR,mss_gmm
Pol_tattoo,mss_gmm
sergiomdrrr,mss_gmm
unqueunpodcast,mss_gmm
alfonsofp58,mss_gmm
danimarreroo,mss_gmm
pascuyrodri,mss_gmm
eledelara,mss_gmm
perradesatan,mss_gmm
carnavalsur,mss_gmm
IanMcKellen,mss_gmm
ejknoodles,mss_gmm
migroja,mss_gmm
RecuerdameBot,mss_gmm
Idraw_spb,mss_gmm
FUKEP3,mss_gmm
bitacorabeagle,mss_gmm
Carloscsmmc,mss_gmm
lolaindigomusic,mss_gmm
georgsoup,mss_gmm
dodo,mss_gmm
EscritosReales8,mss_gmm
LaResistencia,mss_gmm
angelmartin_nc,mss_gmm
hensss_,mss_gmm
pikotasotrorolo,mss_gmm
mewmewfox,mss_gmm
RodrigoSeptien,mss_gmm
var_Stark,mss_gmm
tvchany,mss_gmm
Thunder1906,mss_gmm
GABRIGP94,mss_gmm
JorgeCanto98,mss_gmm
andreaponce_15,mss_gmm
condenatedlxby,mss_gmm
Michelinico96,mss_gmm
Gingerhazing,mss_gmm
franxxuta,mss_gmm
scenesofriends,mss_gmm
Nicosurferito,mss_gmm
CdMontera9,mss_gmm
claudiads00,mss_gmm
essiecgarcia,mss_gmm
BarberanSaul,mss_gmm
Malickgomez992,mss_gmm
klkbabi,mss_gmm
andreacompton,mss_gmm
foxes_in_love,mss_gmm
ResenasCortas,mss_gmm
ilcomentatorex,mss_gmm
maariadess,mss_gmm
Loulogio_Pi,mss_gmm
andres_alguacil,mss_gmm
NachoAlVi,mss_gmm
aleberraquero,mss_gmm
SinAzucarOrg,mss_gmm
psisuki,mss_gmm
ccafeconletras,mss_gmm
gazaunplacer,mss_gmm
Azorinn_C,mss_gmm
svnbenito,mss_gmm
spoksponha,mss_gmm
Berttuus,mss_gmm
yomaraiglesias,mss_gmm
MarGomezH,mss_gmm
AntyPLS,mss_gmm
mahsyako,mss_gmm
alisanchezn,mss_gmm
clareta___,mss_gmm
_softc0re,mss_gmm
verduritasss,mss_gmm
WaRCroX,mss_gmm
Adrogomo,mss_gmm
darioemehache,mss_gmm
guillemfm,mss_gmm
su_colega,mss_gmm
ConBDeCasa,mss_gmm
danibarmy,mss_gmm
cindybenaisa,mss_gmm
nonomersi,mss_gmm
nereaesunkebab,mss_gmm
AnnyPopenny,mss_gmm
ozuna,mss_gmm
LMDShow,mss_gmm
KekePalmer,mss_gmm
Zendaya,mss_gmm
YourAnonCentral,mss_gmm
YourAnonOne,mss_gmm
isma2dr,mss_gmm
kike_miro,mss_gmm
pacoabreugarcia,mss_gmm
nub3_,mss_gmm
IreneRamirezzz,mss_gmm
candyxrk,mss_gmm
randy__vision,mss_gmm
colesprouse,mss_gmm
The_Raphted,mss_gmm
arbacn,mss_gmm
Srcheeto,mss_gmm
shamibogarina,mss_gmm
miatalerico101,mss_gmm
zoesleep,mss_gmm
captlavenders,mss_gmm
asiria_alvarez,mss_gmm
BellaBiondaMia,mss_gmm
braysefe,mss_gmm
caarmengaalan_,mss_gmm
gersanc_,mss_gmm
juanbuis,mss_gmm
alxxxcz,mss_gmm
jjennynguyenn,mss_gmm
WizUnic,mss_gmm
hersimmar,mss_gmm
pobrepaison,mss_gmm
GARABATTO,mss_gmm
Davinnistrad,mss_gmm
1chavalita,mss_gmm
leahmlewis,mss_gmm
franmunyoz_,mss_gmm
frasesRels,mss_gmm
kaydyCain,mss_gmm
gIumfuI,mss_gmm
nendelahipoteca,mss_gmm
InesRisotas,mss_gmm
bxgpe,mss_gmm
OoCLMDShow,mss_gmm
__sadly,mss_gmm
stupidouchebag,mss_gmm
Iesbixn,mss_gmm
Telmometro,mss_gmm
pxtorress,mss_gmm
__Maiq,mss_gmm
juanmifc20,mss_gmm
Dellafuentee_,mss_gmm
_ANAMILAN_,mss_gmm
VTuberFails,mss_gmm
DisneyPlusES,mss_gmm
DANIROVIRA,mss_gmm
thonygzIez,mss_gmm
AC_Roald,mss_gmm
AC_Canela,mss_gmm
VideojuegosGAME,mss_gmm
eemeecee,mss_gmm
JulianSerrano01,mss_gmm
punished_stu,mss_gmm
Rubentonces,mss_gmm
malacarasev,mss_gmm
davidbroncano,mss_gmm
NetflixES,mss_gmm
darIingful,mss_gmm
relxxinng,mss_gmm
BarbieDeMordor,mss_gmm
sharpteething,mss_gmm
fuedicho,mss_gmm
SazzRules,mss_gmm
ddelalunabrilla,mss_gmm
72kilos,mss_gmm
archillect,mss_gmm
nerohamaoui,mss_gmm
FrasesDellafuen,mss_gmm
_gabrielpicolo,mss_gmm
lb_outofcontext,mss_gmm
ManuGuix,mss_gmm
mrkilombo,mss_gmm
sanbenito,mss_gmm
macarlones,mss_gmm
PabloIglesias,mss_gmm
chuckiclampy,mss_gmm
lies_good,mss_gmm
Mister_Present,mss_gmm
tui_oficial,mss_gmm
pixitaa_,mss_gmm
MagicMundi,mss_gmm
httplgam,mss_gmm
michaeljackson,mss_gmm
geheichou,mss_gmm
AnabelAlonso_of,mss_gmm
esperanzagracia,mss_gmm
andrealuque21,mss_gmm
gatitos_qctd,mss_gmm
jaimealtozano,mss_gmm
IbaiLlanos,mss_gmm
LuisitoComunica,mss_gmm
fedevigevani,mss_gmm
opticanfurecida,mss_gmm
resc_animal_gr,mss_gmm
ACOGra,mss_gmm
Wheelizz,mss_gmm
LosSimsES,mss_gmm
alesyamo_,mss_gmm
PartidoPACMA,mss_gmm
BelyBasarte,mss_gmm
tercosmicqueen,mss_gmm
berryuca_,mss_gmm
BocataJamonEHM,mss_gmm
acuteleaf,mss_gmm
vistoenlasredes,mss_gmm
revelationgomez,mss_gmm
Renyshya,mss_gmm
Alex__MayBe,mss_gmm
winstonespanol,mss_gmm
AAAAAGGHHHH,mss_gmm
supersimbatw,mss_gmm
AlexFiestras,mss_gmm
ClaraDeArte,mss_gmm
estremecerme,mss_gmm
almohipola1,mss_gmm
beagonzzal,mss_gmm
candaodemierda,mss_gmm
HelloImLana,mss_gmm
TomHolland1996,mss_gmm
rihanna,mss_gmm
lndirecto,mss_gmm
paularav,mss_gmm
PalomaCuesta__,mss_gmm
gazusquens,mss_gmm
lucy_targaryen,mss_gmm
AleYyasta,mss_gmm
memecrashes,mss_gmm
UalidAmrani,mss_gmm
_Zeldia,mss_gmm
JordiCruzPerez,mss_gmm
BrioEnfurecida,mss_gmm
poramartinez,mss_gmm
ugr_cotilleos,mss_gmm
MarvelSpain,mss_gmm
d4eath,mss_gmm
MaggieLindemann,mss_gmm
_MariCorleone_,mss_gmm
LauGlzArt,mss_gmm
IndirectasRock,mss_gmm
OyeKarma,mss_gmm
relacixn,mss_gmm
Christiannf10,mss_gmm
jerreramarcia,mss_gmm
enphermizo,mss_gmm
joangarrido_,mss_gmm
natalialacunza,mss_gmm
_albxreche,mss_gmm
Joorgee06,mss_gmm
ArgentinaWLDC,mss_gmm
rockandnotroll,mss_gmm
aiesecgranada,mss_gmm
empresadeusto,mss_gmm
auronplay,mss_gmm
helicovsky,mss_gmm
CanalUGR,mss_gmm
fcienciasugr,mss_gmm
quimicaPau,mss_gmm
patri_xomx,mss_gmm
Izhan_go,mss_gmm
EdSheeranQ,mss_gmm
claudiaod2599,mss_gmm
Currort99,mss_gmm
Amver_1672,mss_gmm
emoxodemierda,mss_gmm
AntonLofer,mss_gmm
Mega_Glowen,mss_gmm
Stoneismynamee,mss_gmm
ElFrikiBunker,mss_gmm
gudetama_sanrio,mss_gmm
OdeonMulticines,mss_gmm
Ethieen,mss_gmm
gio_bravar,mss_gmm
heyenrik,mss_gmm
fabi2700,mss_gmm
carlostraceur15,mss_gmm
DaniielTorrejon,mss_gmm
salsaludando66,mss_gmm
AlexRios75,mss_gmm
Sra_Galleta,mss_gmm
