natalianc17_,jerreramarcia
yousraZyounate,natalianc17_
gonzalo2603,natalianc17_
botUMA_,natalianc17_
agmaaria,natalianc17_
imalaurelio,natalianc17_
margutierrezjz,natalianc17_
DiegoPg00,natalianc17_
puesto_ti,natalianc17_
LaCels_,natalianc17_
celotanalgota3,natalianc17_
Gp91Isma,natalianc17_
pablxguillen,natalianc17_
CotilleosUMA,natalianc17_
pauulaa_gomez,natalianc17_
FrasesRealidad,natalianc17_
SinEscritoss,natalianc17_
estremecernos,natalianc17_
URinconM,natalianc17_
elenacalvente,natalianc17_
paomq00,natalianc17_
Albaog00,natalianc17_
AbrilColsSa,natalianc17_
Ismailife_,natalianc17_
Fatimaperea01,natalianc17_
YasminaAlvarezA,natalianc17_
desquiciadisimo,natalianc17_
___efimero_,natalianc17_
aesttik,natalianc17_
BrioEnfurecida,natalianc17_
luciavegav_13,natalianc17_
niketequisiera,natalianc17_
Nazarettg1,natalianc17_
irenespinosa20,natalianc17_
Nolitss,natalianc17_
fabiana001_,natalianc17_
RoCampos40816,natalianc17_
ElviraArminio00,natalianc17_
pablo_marchante,natalianc17_
CristiianMoRo,natalianc17_
paulapl01,natalianc17_
galbadalejo88,natalianc17_
CryptoEntradas,natalianc17_
escritosrame,natalianc17_
ISAALBADALEJO,natalianc17_
Antoniooliver08,natalianc17_
Anaolimelg,natalianc17_
anasg31,natalianc17_
PauGG12,natalianc17_
natit01,natalianc17_
inesvazquezmart,natalianc17_
AlmagroMacias,natalianc17_
jerreramarcia,natalianc17_
Nico_tico,natalianc17_
OyeKarma,natalianc17_
NoEsZura,natalianc17_
isaroo_23,natalianc17_
marinichis,natalianc17_
SantiRico3,natalianc17_
paulabarcia_,natalianc17_
maariacorbacho,natalianc17_
adriaanavm,natalianc17_
paolamcor,natalianc17_
NooeGutiGarci,natalianc17_
andreaarm9,natalianc17_
InmaChRo,natalianc17_
wanitohd,natalianc17_
pilarhdezz,natalianc17_
carlelux,natalianc17_
satiivaxx,natalianc17_
mgm_1606,natalianc17_
claudiads00,natalianc17_
pauguerrero29,natalianc17_
SaraSinZ,natalianc17_
Floreeen0,natalianc17_
terecel8,natalianc17_
WaorYNatos_,natalianc17_
brokkenheartss,natalianc17_
NandoGarcia15,natalianc17_
quederap,natalianc17_
c0caine00_,natalianc17_
bebi_fernandez,natalianc17_
lavecinarubia,natalianc17_
alvarojaro_,natalianc17_
criistinaa_19,natalianc17_
quimicaPau,natalianc17_
72kilos,natalianc17_
almohipola1,natalianc17_
ChicasDelCable,natalianc17_
PaolaMaartinez,natalianc17_
ritamarquez99,natalianc17_
carmenrelinque8,natalianc17_
Paolamq00,natalianc17_
mmariacampos_,natalianc17_
jessicafdez12,natalianc17_
_L_X_F__,natalianc17_
verobenitezz_,natalianc17_
shxwtybaby,natalianc17_
Locus_22,natalianc17_
anazamorac_,natalianc17_
IlloManueh_,natalianc17_
pableteGP,natalianc17_
Rubeen_80,natalianc17_
laiz_diego,natalianc17_
andreaponce_15,natalianc17_
NetflixES,natalianc17_
martafs_00,natalianc17_
NurGomez17,natalianc17_
angeladh9,natalianc17_
maria14_99,natalianc17_
gimrichi,natalianc17_
anaolivamelgar1,natalianc17_
josem_ovi,natalianc17_
Laura99Herrera,natalianc17_
ClaraVallejo29,natalianc17_
_tresska_,natalianc17_
nereasanchez29,natalianc17_
PaulaArconada98,natalianc17_
SignoTauroRD,natalianc17_
jpelaez_m,natalianc17_
Josemag7_,natalianc17_
susanag618_,natalianc17_
fabi2700,natalianc17_
lauespinosaxx,natalianc17_
Fini_golosinas,natalianc17_
Jorgevg_33,natalianc17_
Martamherrera15,natalianc17_
noeliarico8,natalianc17_
pilyae,natalianc17_
ireneperez_99,natalianc17_
TutiBeneroso,natalianc17_
natt_vol,natalianc17_
jefera_2311,natalianc17_
aguileera05,natalianc17_
nataliaorozcog,natalianc17_
PaolaGuerra333,natalianc17_
cristinarc23,natalianc17_
evaa28_,natalianc17_
Nuuriatorres_,natalianc17_
BreeendaSanchez,natalianc17_
Jaos_98,natalianc17_
andreaductor27,natalianc17_
AlexRios75,natalianc17_
evaaguilarr8,natalianc17_
mariaclvc,natalianc17_
Raigesa_,natalianc17_
Carmenmaria9900,natalianc17_
anabel_gazquez,natalianc17_
BegoVivanco,natalianc17_
albirodri_7058,natalianc17_
HoMj069,natalianc17_
aroavaldivia,natalianc17_
JorgeMT2,natalianc17_
cristinagonz021,natalianc17_
Caroolinaa19_,natalianc17_
_tumae,natalianc17_
luciagarva,natalianc17_
sofiasotoc,natalianc17_
Yasmin14Z,natalianc17_
MariaLozano30,natalianc17_
MariaAlba99,natalianc17_
LauraRivera114,natalianc17_
yolanda24315319,natalianc17_
olgasanchez17_,natalianc17_
aitanapascualg,natalianc17_
UnAIumno,natalianc17_
EresKurioso,natalianc17_
Carlagrise00,natalianc17_
albiitasg,natalianc17_
Julia_Janeiro27,natalianc17_
yohannavazquezr,natalianc17_
mariagarr_,natalianc17_
Mariasancheez22,natalianc17_
AnaEspMra18,natalianc17_
martita29_,natalianc17_
GonPadilla_05,natalianc17_
1999_anamari,natalianc17_
raquelgonzc29,natalianc17_
alehandrafosela,natalianc17_
mmxr__,natalianc17_
DaniielTorrejon,natalianc17_
jesusbr1998,natalianc17_
_BLoves,natalianc17_
nataliainfant12,natalianc17_
AliciaLozano188,natalianc17_
anaines_25,natalianc17_
LauriitaGomez98,natalianc17_
LidiaGarciaRios,natalianc17_
ClaudiaGavilan2,natalianc17_
casanuevamartin,natalianc17_
noemimyrodrgz,natalianc17_
Angelasardaa00,natalianc17_
LauGil99,natalianc17_
franesq_,natalianc17_
lilymengil,natalianc17_
brxkenpromises_,natalianc17_
Luciacl17,natalianc17_
mbenitez26,natalianc17_
