nereamontero99,jerreramarcia
Zendaya,nereamontero99
thenvsnowdays,nereamontero99
tomdayarchive,nereamontero99
Paulaa_061,nereamontero99
paulabarcia_,nereamontero99
tingurzz,nereamontero99
alexxlozort,nereamontero99
NuriaAdraosMUA,nereamontero99
MariaRomeroR9,nereamontero99
maariiaa_46,nereamontero99
reualonsoalvare,nereamontero99
samuleal97,nereamontero99
inmaog10,nereamontero99
manuelcolodrose,nereamontero99
pablisanchez99,nereamontero99
AndaluciaJunta,nereamontero99
JuanMa_Moreno,nereamontero99
lucia_j_garcia,nereamontero99
theweeknd,nereamontero99
matidenos,nereamontero99
andreaarm9,nereamontero99
luciafriaas,nereamontero99
Noelia_LH95,nereamontero99
IbaiLlanos,nereamontero99
michisdekaren,nereamontero99
isabelvegaa_,nereamontero99
joaconegri_,nereamontero99
Guiille1806,nereamontero99
fcoperezmoreno,nereamontero99
edujb99,nereamontero99
inma_ed2,nereamontero99
supermangut,nereamontero99
zaharanozara,nereamontero99
Juan_rh29,nereamontero99
YasminaAlvarezA,nereamontero99
foggyblow,nereamontero99
CurroTrivino,nereamontero99
jersonestebanva,nereamontero99
JavierCordura,nereamontero99
p0pularbay,nereamontero99
SusejVGC,nereamontero99
lamalarancho,nereamontero99
Rociioo001,nereamontero99
flaviofdzz,nereamontero99
NiaCorreia,nereamontero99
SoyRafaOT2020,nereamontero99
nickmaylo_,nereamontero99
soyanneot2020,nereamontero99
RobertoLealG,nereamontero99
AriadnaOT2020,nereamontero99
ChicaSobresalto,nereamontero99
anaju_,nereamontero99
SoyBrunoAlves,nereamontero99
gerardcontilde,nereamontero99
javyramirez,nereamontero99
xhugocobox,nereamontero99
MarioMT99,nereamontero99
laurixu30,nereamontero99
MerliNetflix,nereamontero99
ReggaetonAPA,nereamontero99
FichasParchis,nereamontero99
misscriswel,nereamontero99
Nithreel,nereamontero99
wordnuvola,nereamontero99
luciia_2801,nereamontero99
CristiianMoRo,nereamontero99
BarrenaJusticia,nereamontero99
cristi9martinez,nereamontero99
isma2dr,nereamontero99
aandreaestrada,nereamontero99
omarmontesSr,nereamontero99
Malickgomez992,nereamontero99
DolanVGC,nereamontero99
g3ma99,nereamontero99
unSatisfyer,nereamontero99
rtsimpsons,nereamontero99
nereableon,nereamontero99
carmen_oviedo97,nereamontero99
margutierrezjz,nereamontero99
martafs_00,nereamontero99
lb_outofcontext,nereamontero99
DaniJGonzalez_,nereamontero99
IvanMayor_97,nereamontero99
Nuuriatorres_,nereamontero99
darioga77_dario,nereamontero99
PauliTelloB,nereamontero99
TomHolland1996,nereamontero99
EscenasANHQV,nereamontero99
jerreramarcia,nereamontero99
Cotilleos_UGR_,nereamontero99
CotilleosUGR,nereamontero99
alienizate,nereamontero99
terecel8,nereamontero99
mario_casas_,nereamontero99
oscar_casas_,nereamontero99
Currort99,nereamontero99
leslieyyyy,nereamontero99
claumacias01,nereamontero99
PedroFerreir17,nereamontero99
Matt_LeBlanc,nereamontero99
CourteneyCox,nereamontero99
HookedonFriends,nereamontero99
MatthewPerry,nereamontero99
LisaKudrow,nereamontero99
DavidSchwimmer,nereamontero99
mmxr__,nereamontero99
pcongresosgrx,nereamontero99
MileyCyrus,nereamontero99
Pepelu99_,nereamontero99
RAEinforma,nereamontero99
mariap639,nereamontero99
Miriam1426,nereamontero99
JoeelVLV,nereamontero99
tonimuunoz,nereamontero99
nereasanchez29,nereamontero99
wanitohd,nereamontero99
FriendsTV,nereamontero99
ZacEfron,nereamontero99
relatixns,nereamontero99
_thisismenow,nereamontero99
BenWaltonGG,nereamontero99
LadyDivine139,nereamontero99
nataliaot18_,nereamontero99
agm_1706,nereamontero99
dizzteK,nereamontero99
labhmmm,nereamontero99
javimolinawr,nereamontero99
elisacorreroo,nereamontero99
ardillitaa_,nereamontero99
salimalmir,nereamontero99
emoxodemierda,nereamontero99
Floreeen0,nereamontero99
_tumae,nereamontero99
GonPadilla_05,nereamontero99
verobenitezz_,nereamontero99
marcodubru,nereamontero99
amandagarcia_98,nereamontero99
raquelgonzc29,nereamontero99
mmariacampos_,nereamontero99
alehandrafosela,nereamontero99
vii15_,nereamontero99
Currito_6,nereamontero99
Jimenez_Delia99,nereamontero99
mjmarin99,nereamontero99
ShadowhuntersTV,nereamontero99
_BLoves,nereamontero99
malickgomez99,nereamontero99
04eiprolita,nereamontero99
_L_X_F__,nereamontero99
almohipola,nereamontero99
MaryaGuillen97,nereamontero99
NataliHope,nereamontero99
INARPIO,nereamontero99
natacion17,nereamontero99
ireneegarciia,nereamontero99
GuilleFrancoso,nereamontero99
gustavoaragon99,nereamontero99
patriipm_,nereamontero99
aguileera05,nereamontero99
AlexRios75,nereamontero99
Selenasrumba,nereamontero99
JorgeMT2,nereamontero99
rrpp__granada,nereamontero99
Artehistoria_,nereamontero99
LolitaDixxon,nereamontero99
ChiraGounellei,nereamontero99
AliciaLozano188,nereamontero99
crisstangerine,nereamontero99
lauramoyag7,nereamontero99
Mabi990,nereamontero99
CristiPedroche,nereamontero99
ManuelBartual,nereamontero99
bebi_fernandez,nereamontero99
josem_ovi,nereamontero99
andreaponce_15,nereamontero99
crismbe9,nereamontero99
Thunder1906,nereamontero99
Wattpad_FC,nereamontero99
OscarSalazarRo4,nereamontero99
lucy_targaryen,nereamontero99
becfitzpatrick,nereamontero99
albirodri_7058,nereamontero99
minervamr_99,nereamontero99
BaeXbipolar,nereamontero99
CdMontera9,nereamontero99
claudiads00,nereamontero99
imlobby,nereamontero99
carlelux,nereamontero99
hersimmar,nereamontero99
LaElectricidad,nereamontero99
IsmaelElHarrar,nereamontero99
gmzmaaria,nereamontero99
bell_954,nereamontero99
rm_T21S,nereamontero99
AstridGodoi,nereamontero99
EchevarriaTalia,nereamontero99
RocioCampos98,nereamontero99
PabloAmores11,nereamontero99
pabloamores00,nereamontero99
patri_xomx,nereamontero99
AriiadnaO,nereamontero99
AlaanEsz,nereamontero99
sexflixhd,nereamontero99
javitortx,nereamontero99
goalslovesex,nereamontero99
mrwonderful_,nereamontero99
zinos__,nereamontero99
MediaEscabiada,nereamontero99
LaurenComeOn,nereamontero99
pilarhdezz,nereamontero99
cel0so_,nereamontero99
TutiBeneroso,nereamontero99
Luciacl17,nereamontero99
ritamarquez99,nereamontero99
wongderfuljo,nereamontero99
MisterJoseMaria,nereamontero99
clau0407,nereamontero99
cancer_hn,nereamontero99
Mariasancheez22,nereamontero99
frankdiago,nereamontero99
BlasCanto,nereamontero99
andrea__aviles_,nereamontero99
Elesiis,nereamontero99
Pedro2017F,nereamontero99
LaReinaRoja6,nereamontero99
OscarSR1608,nereamontero99
Pedro_Ferreir14,nereamontero99
manuel1805fans,nereamontero99
wattpad,nereamontero99
mybiebessss,nereamontero99
Manuel1805_,nereamontero99
metienesami_,nereamontero99
fabi2700,nereamontero99
shy_mermaid,nereamontero99
LHerondale_,nereamontero99
BlueRapsberry_,nereamontero99
csxwi_,nereamontero99
__queriend0te,nereamontero99
justinbieber,nereamontero99
__lavitaa,nereamontero99
VotaTwiter,nereamontero99
citayelige,nereamontero99
TiendaMovilES_,nereamontero99
miitomosp,nereamontero99
SrFortfast,nereamontero99
claudiaod2599,nereamontero99
Grazia_es,nereamontero99
annatodd,nereamontero99
BACHIENFURECIDO,nereamontero99
cristinarc23,nereamontero99
diadelnino_lb,nereamontero99
paolamcor,nereamontero99
ClaudiaGavilan2,nereamontero99
CharoMarin99,nereamontero99
taatichi,nereamontero99
ManuelCorrero1,nereamontero99
MiriamM_94,nereamontero99
__beadz,nereamontero99
mss_gmm,nereamontero99
princepelayo,nereamontero99
cristina,nereamontero99
nataliaferviu,nereamontero99
AntonioJSMazuec,nereamontero99
JLGarciaFM,nereamontero99
julenoficial,nereamontero99
R_Dayanna99,nereamontero99
OraYReflexiona,nereamontero99
DANIROVIRA,nereamontero99
ForeverAnnaTodd,nereamontero99
Ricardo_Educan,nereamontero99
CouplesGoaIs,nereamontero99
MrBarneyStynson,nereamontero99
andreiwi22,nereamontero99
SergiMarz,nereamontero99
conjuntosderop1,nereamontero99
VictorAntolin14,nereamontero99
EsAlgoDeNovios,nereamontero99
Louislucati,nereamontero99
paula_GH15,nereamontero99
enriq_jdom,nereamontero99
hmespana,nereamontero99
yuyacst,nereamontero99
elshowdegerard,nereamontero99
edgar_byte,nereamontero99
alee85,nereamontero99
instagram,nereamontero99
Marlex,nereamontero99
NurGomez17,nereamontero99
pronosticosnba1,nereamontero99
eduar_sici,nereamontero99
HerbotecaOrg,nereamontero99
Bitacine,nereamontero99
iavanticompany,nereamontero99
Nutraria,nereamontero99
LaLeyFemenina,nereamontero99
PerfumesEyC,nereamontero99
flordeliz1999,nereamontero99
recordtvminas,nereamontero99
todopelicula1,nereamontero99
IWebDesigner_es,nereamontero99
AntonioSFCD,nereamontero99
leuzynhosouza,nereamontero99
salusite,nereamontero99
Embarazoo,nereamontero99
PerafanMarcos,nereamontero99
CronicaMedia,nereamontero99
David_Aspajo,nereamontero99
LindosMsjs,nereamontero99
Videos__Vine,nereamontero99
VSPserie,nereamontero99
1999_anamari,nereamontero99
iQueidea,nereamontero99
EsDisneyWorld,nereamontero99
mrj2301,nereamontero99
NajLaeBenZy,nereamontero99
RubenCortada,nereamontero99
esther71092,nereamontero99
heyenrik,nereamontero99
AlbaRancho,nereamontero99
andreaaarc,nereamontero99
ireenita15,nereamontero99
Del_valle_99,nereamontero99
Ivan_DDCadiz,nereamontero99
MARIARONCEROO,nereamontero99
vicsemi,nereamontero99
BellosAnimales,nereamontero99
EnElSobre,nereamontero99
besayunando,nereamontero99
iIusionOptica,nereamontero99
sofiasotoc,nereamontero99
Yasmin14Z,nereamontero99
armsinperchas,nereamontero99
MrIviKun,nereamontero99
Modachica1,nereamontero99
srto_rgm,nereamontero99
_WilliamRe,nereamontero99
criscantero17,nereamontero99
OneModa_Style,nereamontero99
pablo_rb99,nereamontero99
AleLimaGomez,nereamontero99
Hellsingle,nereamontero99
iChico_VANS,nereamontero99
LaModaA_TusPies,nereamontero99
razonespallorar,nereamontero99
Modaa_Chicaas,nereamontero99
1modamoda,nereamontero99
modaorgasmica1,nereamontero99
ModaaOrgasmica,nereamontero99
TusFrasesDisney,nereamontero99
cabreadisima_,nereamontero99
UnEstudiante10,nereamontero99
EleRodriguez25,nereamontero99
modaorgasmik,nereamontero99
FatiiSanchez99,nereamontero99
DisneyDiceQue,nereamontero99
BuenCholloES,nereamontero99
PrincesaObey,nereamontero99
elchicodetwiter,nereamontero99
PostureoEspanol,nereamontero99
Comida_Porno,nereamontero99
EnamoradoDice,nereamontero99
detectomiradas,nereamontero99
zerozoneclub,nereamontero99
Eduardo_Mela,nereamontero99
CajaDeTextos,nereamontero99
EnterateES,nereamontero99
Cuddle,nereamontero99
TopMejoresTuits,nereamontero99
Supervivientesk,nereamontero99
EsAdolescencia,nereamontero99
Videojuegos247,nereamontero99
TuiterHits,nereamontero99
CAJADEVERDADES,nereamontero99
DeboConfesarQue,nereamontero99
incoherencia_,nereamontero99
versoshits,nereamontero99
MadeInInstagram,nereamontero99
CGLermas,nereamontero99
EsMundoAnimal,nereamontero99
CONABOX,nereamontero99
ModaEnTweets,nereamontero99
CryptoEntradas,nereamontero99
frases__rapp,nereamontero99
OficialLaTeoria,nereamontero99
IvannDelamo,nereamontero99
iMAJARETA,nereamontero99
EstiloDeChicas,nereamontero99
jonwiergo,nereamontero99
AristoteIes,nereamontero99
Fabricrypto,nereamontero99
PeliTuits,nereamontero99
NaturPictures,nereamontero99
WeAreNonina,nereamontero99
GABRIGP94,nereamontero99
jose_luuuu,nereamontero99
Moda__Chicas,nereamontero99
Jesulii98,nereamontero99
patriiii25,nereamontero99
