pabloamores00,jerreramarcia
lilPK1_,pabloamores00
AlexAkaTorres,pabloamores00
Love_y_i,pabloamores00
HokeBBO,pabloamores00
kovalzky_97,pabloamores00
KabesaKono_,pabloamores00
MarinaCMoreno,pabloamores00
tingurzz,pabloamores00
Anapisss,pabloamores00
UalidAmrani,pabloamores00
smokingpaper_,pabloamores00
laurabonsai96,pabloamores00
elenacalvente,pabloamores00
hugoamoress,pabloamores00
PabloAKAXero,pabloamores00
ketpasa,pabloamores00
spacehammu,pabloamores00
Raulalvarez2302,pabloamores00
martinaslzr1,pabloamores00
Isaac_gzs,pabloamores00
alejandrohl97,pabloamores00
MarcosGonz222,pabloamores00
Claudia51013104,pabloamores00
MartaMorr,pabloamores00
___niks_,pabloamores00
PabloGuerr2,pabloamores00
HistoriadeCadiz,pabloamores00
GorditoGatito2,pabloamores00
angelicadasilv_,pabloamores00
ElenaAmores,pabloamores00
clauxcm,pabloamores00
Angelaluque18,pabloamores00
d_vlzqz,pabloamores00
dianajp_05,pabloamores00
luciasnr,pabloamores00
lopez1_javi,pabloamores00
ritasalazar_,pabloamores00
alfonsofp58,pabloamores00
samanthacavet,pabloamores00
MrAlexG_,pabloamores00
asassddfggk,pabloamores00
maariinapeerez,pabloamores00
EL_SOS_,pabloamores00
Rau_RS21,pabloamores00
amaandaluucia,pabloamores00
MarthaMiau,pabloamores00
WinamaxDeportes,pabloamores00
madkidmontes,pabloamores00
diesyoung,pabloamores00
esthermrtneez,pabloamores00
samueliito_2002,pabloamores00
MoorishTimes,pabloamores00
manuuumz,pabloamores00
_pedromacias1,pabloamores00
pequexiv2,pabloamores00
db_eventpj,pabloamores00
lauraareyes19,pabloamores00
miguelamores98,pabloamores00
MoorishMovement,pabloamores00
ALianxy,pabloamores00
OOC_Jagger,pabloamores00
guedaRivera2,pabloamores00
imperio_nita,pabloamores00
SVQ_LEZL,pabloamores00
4avalverde,pabloamores00
Rebeca51350262,pabloamores00
zorrademrda,pabloamores00
EltiempoenCadiz,pabloamores00
fumar_oficial,pabloamores00
davidgf_09,pabloamores00
Lena_ramos7,pabloamores00
yedra0220,pabloamores00
susanagaarciaa,pabloamores00
Moorskingdom,pabloamores00
angelicfaeiry,pabloamores00
lepetitribery,pabloamores00
MarcosG26700962,pabloamores00
minijogadoress,pabloamores00
__alvaropg_,pabloamores00
WallaBare,pabloamores00
crmlw_,pabloamores00
naiaraga14,pabloamores00
taliagomezzz,pabloamores00
OrganizacionSNR,pabloamores00
dobyow,pabloamores00
CadizCFVirgili,pabloamores00
amornima,pabloamores00
23micras,pabloamores00
anuskitaMO,pabloamores00
aalejandraa1919,pabloamores00
Ctinfo_17,pabloamores00
lucia_j_garcia,pabloamores00
lauraagh02,pabloamores00
payasadel03,pabloamores00
GachetOldSchool,pabloamores00
JuanMig74103691,pabloamores00
Saritaescobarr,pabloamores00
KFC_ES,pabloamores00
CadizOutContext,pabloamores00
Asiertc,pabloamores00
benaraxfilms,pabloamores00
Iriinov,pabloamores00
luciaaserrano_,pabloamores00
paulajurado_16,pabloamores00
cristich00,pabloamores00
cristianv77_,pabloamores00
moidelg,pabloamores00
Pedrithor,pabloamores00
Toonn96,pabloamores00
aliiciacorrero,pabloamores00
Juanpefhm,pabloamores00
javierbauluz,pabloamores00
paaola_fdez,pabloamores00
_Brunords,pabloamores00
jesushilarioo,pabloamores00
alemoya_09,pabloamores00
adrimanso381,pabloamores00
neereadde,pabloamores00
profedciencias,pabloamores00
natydeplastyy,pabloamores00
maariina01,pabloamores00
SamaraMontero03,pabloamores00
ainhoaborregoo,pabloamores00
aurora_amores19,pabloamores00
_adriml,pabloamores00
aandreamrn,pabloamores00
GuilleCG6,pabloamores00
celiamm192,pabloamores00
Shizu96161246,pabloamores00
crisstina_cml,pabloamores00
mariosaez_21,pabloamores00
JorgeCanto98,pabloamores00
nocontextfrogs,pabloamores00
AvocadoBoy00,pabloamores00
javiimarin31,pabloamores00
SaraEstebangon1,pabloamores00
VaquillaCortes,pabloamores00
Big_Oli_,pabloamores00
tumbavideos,pabloamores00
RoizmanJuana,pabloamores00
clauujimenezz_,pabloamores00
ringostarrmusic,pabloamores00
alemoya166,pabloamores00
Albamfernandez,pabloamores00
SresEnInternet,pabloamores00
lamalarancho,pabloamores00
lolosambito,pabloamores00
YasminaAlvarezA,pabloamores00
BarberanSaul,pabloamores00
isabeeellew,pabloamores00
Clariibs0,pabloamores00
luciiaferndezz,pabloamores00
antoniolv_14,pabloamores00
Manuelcorrero2,pabloamores00
_pauulaa23,pabloamores00
svsogarcia,pabloamores00
MicaaAcuna98_,pabloamores00
paulamichan,pabloamores00
StreamFran,pabloamores00
pamlop6,pabloamores00
rafa_rd03,pabloamores00
lauritagr9,pabloamores00
vladibz_,pabloamores00
edu_ramireez10,pabloamores00
jaialv7,pabloamores00
lucygrc1,pabloamores00
Alexispvn7,pabloamores00
Luciagarbra,pabloamores00
cuteperocutre,pabloamores00
albbita24,pabloamores00
Carrera1205,pabloamores00
PaolafdezYT,pabloamores00
BegoVivanco,pabloamores00
GatorsDaily,pabloamores00
davidvidal_26,pabloamores00
skiesbluees,pabloamores00
FootballMares,pabloamores00
Tamaradolar,pabloamores00
paulacampos161,pabloamores00
Yaraa20065,pabloamores00
elenanavarroma6,pabloamores00
Cake_Fernandez,pabloamores00
jesuslr1999,pabloamores00
J_Salazar_M,pabloamores00
iJmillz,pabloamores00
DelfinAsturiano,pabloamores00
MultiversoTM,pabloamores00
luciavegav_13,pabloamores00
JoseMig17052001,pabloamores00
sergiomegom,pabloamores00
pauguerrero29,pabloamores00
ManuelCorrero1,pabloamores00
eneri_96,pabloamores00
fiifu11,pabloamores00
javiggracia,pabloamores00
maarinaguilera,pabloamores00
itspaw_cc,pabloamores00
Wild_Fights,pabloamores00
diegonaide_,pabloamores00
ben1234ben13,pabloamores00
klkmax,pabloamores00
BarrioPeleas,pabloamores00
NikonEurope,pabloamores00
fujifilm_es,pabloamores00
ibigrafi,pabloamores00
noranjas,pabloamores00
EncarniHig,pabloamores00
CanijodeCarmona,pabloamores00
comparsajc,pabloamores00
LoloValdeNa,pabloamores00
neo1900art,pabloamores00
esstupidah,pabloamores00
NoContextHumans,pabloamores00
ignacasas,pabloamores00
Ivan10Mg,pabloamores00
laalaa_G,pabloamores00
miguelmo2828,pabloamores00
Clarnavaleando,pabloamores00
Pablo_Cuenca6,pabloamores00
ramoncs_,pabloamores00
JosLyon2,pabloamores00
rebumonje,pabloamores00
javibernal510,pabloamores00
guihrm00,pabloamores00
pmp1013,pabloamores00
Ilde5tero,pabloamores00
DominJaen99,pabloamores00
pauums2,pabloamores00
RoCampos40816,pabloamores00
Andalucillo,pabloamores00
FilmstoFilms_,pabloamores00
josemi72650508,pabloamores00
Laura92387628,pabloamores00
oscar28850,pabloamores00
paatri_guerrero,pabloamores00
ccp315,pabloamores00
condenatedlxby,pabloamores00
MementoMori_dnb,pabloamores00
Adriman132,pabloamores00
leeila_01,pabloamores00
LostInFilm,pabloamores00
30SecFights,pabloamores00
antoniiio_09,pabloamores00
Cristia16045173,pabloamores00
gatitos_qctd,pabloamores00
merrcadonna,pabloamores00
Evamontenegroc,pabloamores00
Saul_Barberan,pabloamores00
Nolitss,pabloamores00
RauulBlanco,pabloamores00
Josetemlg,pabloamores00
SergioSr02,pabloamores00
franjsv,pabloamores00
Barbasapiens,pabloamores00
mmarialuvv,pabloamores00
aleclaver10,pabloamores00
xsiaca1,pabloamores00
antonioroldan09,pabloamores00
MarioMT99,pabloamores00
daaniedelgado97,pabloamores00
BreeendaSanchez,pabloamores00
ligerogrx,pabloamores00
anazamorac_,pabloamores00
alejandravp12_,pabloamores00
wikiroberwido,pabloamores00
aalvarooperez,pabloamores00
noelenriquel,pabloamores00
CoronaVid20_,pabloamores00
carli_roman,pabloamores00
Urlocalstoned,pabloamores00
cristianzapaa,pabloamores00
martiduar,pabloamores00
lidiaaruizz_,pabloamores00
psxch00,pabloamores00
evaa28_,pabloamores00
ElMicroDePlata,pabloamores00
TheHoopMixes,pabloamores00
Alex_Little_P,pabloamores00
_Disomnia,pabloamores00
Malickgomez992,pabloamores00
IsaacSandina,pabloamores00
Mariatrula21,pabloamores00
Raulhp002,pabloamores00
MirellaRios97,pabloamores00
joseeaantonio10,pabloamores00
jerm_cohen,pabloamores00
aguedariveera07,pabloamores00
piccolaragazzza,pabloamores00
Titofuli10,pabloamores00
bell_ce8,pabloamores00
Carlosteiger,pabloamores00
miriamcanton261,pabloamores00
evagrc7,pabloamores00
AbeelFernandez,pabloamores00
delaossapicasso,pabloamores00
ManuelSantande1,pabloamores00
pablosanchezzzr,pabloamores00
GuilleDelHorno,pabloamores00
Inkoherentee,pabloamores00
InspectorRaxeto,pabloamores00
davidgf_08,pabloamores00
Marinaapozoo,pabloamores00
Anagomez18_,pabloamores00
Komorebirt,pabloamores00
chus_ta,pabloamores00
_KATANA112,pabloamores00
JayJayMoch,pabloamores00
jackrodriguez05,pabloamores00
Waxi1993,pabloamores00
alonsosr_,pabloamores00
saabrinaamuniz,pabloamores00
DavidMagranial,pabloamores00
noveaaaa,pabloamores00
criancafazendoM,pabloamores00
baetis77,pabloamores00
allinhiphop,pabloamores00
meaficio,pabloamores00
Anaolimelg,pabloamores00
andrearg17_,pabloamores00
PalmiSantander,pabloamores00
deborafiusa1,pabloamores00
anasg31,pabloamores00
twittencero,pabloamores00
martiiafonso,pabloamores00
VinaRockOficial,pabloamores00
drc14__,pabloamores00
Delaxkw,pabloamores00
rafagallego29,pabloamores00
easyquartier,pabloamores00
Paquito19_,pabloamores00
loretocrromnz,pabloamores00
pablisanchez99,pabloamores00
lilovdt,pabloamores00
Cadiz_CF,pabloamores00
UDLosBarrios_es,pabloamores00
ImagenRetro,pabloamores00
WaldenDos_,pabloamores00
AlvaroCantudo15,pabloamores00
mariarivera12_,pabloamores00
_adriii_08,pabloamores00
_IsmaelRojas,pabloamores00
claudianavass,pabloamores00
ana_rocal,pabloamores00
bandadelpatiout,pabloamores00
bestartpage,pabloamores00
Abeelruuiz,pabloamores00
MarioOcGu,pabloamores00
Beatrizgar_10,pabloamores00
caarol23,pabloamores00
Cristinabarciaa,pabloamores00
isaarmenta_,pabloamores00
Susanavizoso9,pabloamores00
paulaagc4,pabloamores00
haceunadecada,pabloamores00
rafaamrt,pabloamores00
NightWi1,pabloamores00
MediaMarktGames,pabloamores00
auronplay,pabloamores00
MediaMarkt_es,pabloamores00
margutierrezjz,pabloamores00
natit01,pabloamores00
videoschapados,pabloamores00
unshaval,pabloamores00
LaLineaOutOf,pabloamores00
MeryPopers,pabloamores00
kaze_cartagena,pabloamores00
lb_outofcontext,pabloamores00
Tieneunpape,pabloamores00
Msdonettes,pabloamores00
saritamartin22,pabloamores00
arrisiyo95,pabloamores00
sergiruiz971,pabloamores00
danielveseliRM,pabloamores00
Ale_Mendoza_99,pabloamores00
CarnavalCosas,pabloamores00
ciruela_negra,pabloamores00
almugallego6,pabloamores00
iglesias_random,pabloamores00
terecel8,pabloamores00
Joseangomez3212,pabloamores00
ditolozano_5,pabloamores00
Andrea_R_A_,pabloamores00
_gloriagj,pabloamores00
alfrod98,pabloamores00
EPLBible,pabloamores00
arriatecolorao,pabloamores00
juancarlosmohr,pabloamores00
Adelamore1963,pabloamores00
raqueel__01,pabloamores00
Mouta07,pabloamores00
Cavita01_,pabloamores00
5maurijurado,pabloamores00
_jakefernandes_,pabloamores00
SVACampoGibralt,pabloamores00
coralsanchezzz,pabloamores00
Rubeen_80,pabloamores00
paulitaacaast,pabloamores00
pixitaa_,pabloamores00
rmmaarinaaae14,pabloamores00
_Adopta_Madrid,pabloamores00
helenaregueira2,pabloamores00
belenmcuello,pabloamores00
zulili08,pabloamores00
nocontextfooty,pabloamores00
candeelasf,pabloamores00
paulaferzz,pabloamores00
Rodrigohdezz,pabloamores00
LSJuguetona,pabloamores00
bebeintensa,pabloamores00
Aitor98499488,pabloamores00
_pauliidiaz,pabloamores00
PedroLopez351,pabloamores00
Benzema,pabloamores00
davidquiijano_,pabloamores00
German24__,pabloamores00
Cristianv3001,pabloamores00
Cavita87364176,pabloamores00
anpitis,pabloamores00
nonio_fer,pabloamores00
stluucia,pabloamores00
UnusualVideos,pabloamores00
Kaiser7RM_,pabloamores00
Willyrex_OOC,pabloamores00
ppaolalirio,pabloamores00
adrianarule07,pabloamores00
TwFutbolOOC,pabloamores00
andreaarm9,pabloamores00
clariii20_,pabloamores00
borjaalvarez69,pabloamores00
advancxdco,pabloamores00
pedritoafonso17,pabloamores00
Ismaelruiiz_,pabloamores00
GiantsGaming,pabloamores00
LOLiTOFDEZ,pabloamores00
Claudia_correro,pabloamores00
AAAAAGGHHHH,pabloamores00
lauriitacs02,pabloamores00
Nereabarea_,pabloamores00
cadizwarbot,pabloamores00
sabriinaaa04,pabloamores00
luisSG5,pabloamores00
4ocean,pabloamores00
spainwarbot,pabloamores00
ikervaneyck19,pabloamores00
Martasanchezc19,pabloamores00
msrosse2,pabloamores00
sergioomorales_,pabloamores00
danielcanas08,pabloamores00
islucix,pabloamores00
IvanMayor_97,pabloamores00
martaduarte21,pabloamores00
mrj2301,pabloamores00
yadhiracasal,pabloamores00
jerreramarcia,pabloamores00
maiitee101,pabloamores00
nickztqb,pabloamores00
Tragabuchetwits,pabloamores00
MenezRM,pabloamores00
miguepecino17,pabloamores00
Guillermeto,pabloamores00
inmaatorrejon,pabloamores00
claumacias01,pabloamores00
santialcn,pabloamores00
sandras19C,pabloamores00
spoksponha,pabloamores00
claudiasg22,pabloamores00
rodryperez23,pabloamores00
anasaezdcozar,pabloamores00
Andreoooo24,pabloamores00
MaryaGuillen97,pabloamores00
hourlywolvesbot,pabloamores00
Dlvegaa,pabloamores00
Derrotistas,pabloamores00
luciacarrascogg,pabloamores00
lilymengil,pabloamores00
CristinaCubero_,pabloamores00
samaraypunto,pabloamores00
Sulkit1,pabloamores00
NooeGutiGarci,pabloamores00
refugioenalerta,pabloamores00
albbarojass,pabloamores00
petisojomi,pabloamores00
gonzalo2603,pabloamores00
criistinaa_19,pabloamores00
Andrearm95,pabloamores00
pccomponentes,pabloamores00
pbrvxla511,pabloamores00
ioanaa_mn,pabloamores00
nector00,pabloamores00
archillable,pabloamores00
dvdrm01,pabloamores00
meeryxxs,pabloamores00
mbenitez26,pabloamores00
PaulaArconada98,pabloamores00
Rosaduarteb_,pabloamores00
InmaChRo,pabloamores00
angelagonzz26,pabloamores00
fotosinfct,pabloamores00
isma2dr,pabloamores00
BoubkerEcxndy,pabloamores00
GolSur1907,pabloamores00
_BLoves,pabloamores00
JoaquinCorral15,pabloamores00
isabelitapuyol,pabloamores00
lorenzolobato98,pabloamores00
pafeee99,pabloamores00
nachogomezz01,pabloamores00
mariahzz02,pabloamores00
sofiafurse,pabloamores00
le_pensevr,pabloamores00
leyma_01,pabloamores00
Paolamq00,pabloamores00
irenespinosa20,pabloamores00
almohipola1,pabloamores00
ireneperez_99,pabloamores00
patttri08,pabloamores00
srosano00,pabloamores00
caaarlaa27_,pabloamores00
crismon69,pabloamores00
albertovega00,pabloamores00
Andreardrguez04,pabloamores00
blankipur,pabloamores00
Martaherrerag14,pabloamores00
Nithreel,pabloamores00
claudias19_,pabloamores00
carmenge_01,pabloamores00
wikioceans,pabloamores00
EvaVilla98,pabloamores00
elenaespinosa71,pabloamores00
nosiirvee,pabloamores00
Erprincipitoand,pabloamores00
Lailota_,pabloamores00
Jimenez_Delia99,pabloamores00
andreaponce_15,pabloamores00
Oopsmydylan,pabloamores00
Mostafa_Khodeir,pabloamores00
Danilm99_,pabloamores00
agnesxgez,pabloamores00
instandaluz,pabloamores00
archillect,pabloamores00
72kilos,pabloamores00
saraespinosa_03,pabloamores00
davidolivas,pabloamores00
Cristinasr34,pabloamores00
USAvsAlgeciras,pabloamores00
LitronaPapi,pabloamores00
Clauudiap_01,pabloamores00
gabrirocha00,pabloamores00
_thisismenow,pabloamores00
danielagomezz03,pabloamores00
angel_alvzz,pabloamores00
aliguerra17_,pabloamores00
JuanmyLA,pabloamores00
Elparaguayo1231,pabloamores00
_zulaymoreno,pabloamores00
realmadrid,pabloamores00
JoeelVLV,pabloamores00
nataliaorozcog,pabloamores00
__guillerme,pabloamores00
__laura26,pabloamores00
FCTimeNations,pabloamores00
81Paulitaleon,pabloamores00
adeaitanaiugh,pabloamores00
Paula_Amores,pabloamores00
miborra53,pabloamores00
Lauragggm,pabloamores00
mmpizarrom,pabloamores00
