rezzz_i,jerreramarcia
ekiszufle,rezzz_i
langocortijo,rezzz_i
TwFutbolOOC,rezzz_i
CryptocapoOO,rezzz_i
CryptoHolder69,rezzz_i
emimernes_,rezzz_i
_Piyitoo,rezzz_i
M1do_AC,rezzz_i
InusualChica,rezzz_i
yunsabdslm,rezzz_i
haron_chb,rezzz_i
Don_Iniestazo,rezzz_i
dinaamar01,rezzz_i
_iNexo,rezzz_i
Spursito,rezzz_i
x_ssami,rezzz_i
naiara_gn24,rezzz_i
mariamricitos,rezzz_i
CarlaJerez10,rezzz_i
Yuusriitix_,rezzz_i
blanquitatr1,rezzz_i
yaashb98,rezzz_i
wallstwolverine,rezzz_i
naryissdris,rezzz_i
MariaBecerra22,rezzz_i
Kaataaliinaaa,rezzz_i
InvictosSomos,rezzz_i
bvlmitaa,rezzz_i
kkytkat,rezzz_i
AnaIrisLpez2,rezzz_i
ayaahtm,rezzz_i
patriciaaaaa02,rezzz_i
mrqvezz,rezzz_i
nuricb_,rezzz_i
Brahemchb99,rezzz_i
andrearom01,rezzz_i
neuffel09,rezzz_i
juditcgarr,rezzz_i
Saritaduran_,rezzz_i
mariaaamsdt,rezzz_i
gienixs,rezzz_i
xpectromaster,rezzz_i
NerminFailali,rezzz_i
papigavi,rezzz_i
itseazie,rezzz_i
sssnzr,rezzz_i
juanma1474,rezzz_i
rrshns,rezzz_i
nayim_7,rezzz_i
CostelaBlanca,rezzz_i
si_baja98,rezzz_i
duuban,rezzz_i
ineesaguado,rezzz_i
__laura26,rezzz_i
chutyvk,rezzz_i
pulpitodemar,rezzz_i
littlexxthings2,rezzz_i
marwabht,rezzz_i
rpmnda_16,rezzz_i
chollometro,rezzz_i
Martinpdisalvo,rezzz_i
INIE8TAZO,rezzz_i
BeMyUserName,rezzz_i
grx_ali,rezzz_i
esbaayy,rezzz_i
siiheemc,rezzz_i
nyrrmeen,rezzz_i
_ikramchairi,rezzz_i
jerreramarcia,rezzz_i
dregos13,rezzz_i
genesism_mato,rezzz_i
_victor1808,rezzz_i
squareofclouds,rezzz_i
el_pais,rezzz_i
AzulCordoba14,rezzz_i
Sxvage__,rezzz_i
shediahm,rezzz_i
shakiraa_mg02,rezzz_i
andreahonorio17,rezzz_i
frvnrodrigx,rezzz_i
TitansAre,rezzz_i
brie_emerald,rezzz_i
Amiira_hzm,rezzz_i
badideayuh,rezzz_i
HiPandaaaaaa,rezzz_i
IdaMalones,rezzz_i
maisaa_badawi,rezzz_i
rick4MAGA,rezzz_i
hyldahowusu,rezzz_i
Blueberry_60,rezzz_i
ggarzon490,rezzz_i
MaiiPuente,rezzz_i
AlekayX,rezzz_i
gelhzz,rezzz_i
ByZapi_,rezzz_i
BmdMariiam,rezzz_i
trxverso_,rezzz_i
Pumuscor,rezzz_i
martagn29,rezzz_i
albaagonzalez20,rezzz_i
Satagul30,rezzz_i
sohraaa19,rezzz_i
FirdeusYanati,rezzz_i
srtascott98,rezzz_i
MaximoCuevas,rezzz_i
mtaifi99,rezzz_i
Aleejandraaa16,rezzz_i
SKINL0VERS,rezzz_i
sarafarre24,rezzz_i
suhailacb,rezzz_i
cachoo01,rezzz_i
Celiarb00,rezzz_i
_giisellaa67,rezzz_i
yolitebar,rezzz_i
nenuuuuuujj,rezzz_i
Angela_Inyesto,rezzz_i
SaritaHmd,rezzz_i
yawaheerb,rezzz_i
saidanzr,rezzz_i
yusracha13,rezzz_i
marinaameal,rezzz_i
martushumuxu,rezzz_i
IvanRubio15,rezzz_i
Msahabd20,rezzz_i
aranchampz,rezzz_i
AndreaJmnz_00,rezzz_i
Claranavas26,rezzz_i
ainhxrj,rezzz_i
AndySnickers_,rezzz_i
evafr99,rezzz_i
nerea_pd,rezzz_i
Geemaa37,rezzz_i
carmendb_99,rezzz_i
kdrs00,rezzz_i
JanniraGuirado,rezzz_i
mariacasas0212,rezzz_i
nutriagobiess,rezzz_i
Paoo53988833,rezzz_i
lostloading,rezzz_i
BiiancaStircu,rezzz_i
ianthonysalgado,rezzz_i
ailedgl,rezzz_i
99Eveli,rezzz_i
LydiiaConY,rezzz_i
rlkarmogames,rezzz_i
Antoj_22,rezzz_i
Isbelita3,rezzz_i
ADCeuta_FC,rezzz_i
auronplay,rezzz_i
FCBarcelona_es,rezzz_i
DjMaRiiO,rezzz_i
