SomosGuateque,jerreramarcia
MayiiMurray,SomosGuateque
andelxavi,SomosGuateque
JoselytoOG,SomosGuateque
RotFuenla,SomosGuateque
IronAkatsukiW,SomosGuateque
bytenazas,SomosGuateque
JohnBlacksowsky,SomosGuateque
tri_kachu,SomosGuateque
KOI,SomosGuateque
PaolaParadise,SomosGuateque
andercortes,SomosGuateque
justeffe,SomosGuateque
kcobos_,SomosGuateque
rocio_br95,SomosGuateque
MisofonicoDel97,SomosGuateque
ArtCarmela,SomosGuateque
rioboo,SomosGuateque
Suzyroxx,SomosGuateque
iPandarina,SomosGuateque
mariaisabelrr9,SomosGuateque
auronplay,SomosGuateque
Cacafrutti,SomosGuateque
MaruNotes,SomosGuateque
Catal1sts,SomosGuateque
JMontyGamer,SomosGuateque
marccaminal,SomosGuateque
luuckyowl,SomosGuateque
SkuldX1,SomosGuateque
DayoScript,SomosGuateque
AgussHernandezz,SomosGuateque
nacho_abelaTW,SomosGuateque
axel9177,SomosGuateque
caritocc7,SomosGuateque
itsmesutton_,SomosGuateque
KNekro,SomosGuateque
eder94rebollo,SomosGuateque
BeGoat_Team,SomosGuateque
zafirwell,SomosGuateque
naansiis,SomosGuateque
parraguer4,SomosGuateque
TheRaptor23TV,SomosGuateque
Alfredo181178,SomosGuateque
RaulTheRookie,SomosGuateque
alexitomamba,SomosGuateque
Ivanxo_11,SomosGuateque
WholesomeMeme,SomosGuateque
ceL1aNyan,SomosGuateque
TAAXTorres,SomosGuateque
jerreramarcia,SomosGuateque
Felipez360,SomosGuateque
romantaal,SomosGuateque
NSaturdaynight,SomosGuateque
IAmKuroOG,SomosGuateque
antxu30,SomosGuateque
ChachoGandia,SomosGuateque
Visualballer,SomosGuateque
castillojacko,SomosGuateque
OnlyValldo,SomosGuateque
mrduende7,SomosGuateque
ROCIOTEIJIDO,SomosGuateque
flopp_cat,SomosGuateque
Glopniss,SomosGuateque
mfontenla95,SomosGuateque
PanchoNopales36,SomosGuateque
floppball,SomosGuateque
pabloferre8YT,SomosGuateque
Pozer0,SomosGuateque
bibbia_cam,SomosGuateque
LLuaBV,SomosGuateque
jan_hqm,SomosGuateque
FaTaLiTiKQ,SomosGuateque
MountVernonTV,SomosGuateque
RipeJorge,SomosGuateque
M4nu_sL,SomosGuateque
roumaain,SomosGuateque
j0s3_sl,SomosGuateque
mikel1gonzalez,SomosGuateque
dluka08,SomosGuateque
TimeOutPrez,SomosGuateque
AMasteroka,SomosGuateque
Oh_Roja,SomosGuateque
adrichainz,SomosGuateque
PlayStationES,SomosGuateque
Barbesito,SomosGuateque
IamCristinini,SomosGuateque
TwitchES,SomosGuateque
ChiclanaFriends,SomosGuateque
VideojuegosGAME,SomosGuateque
KFC_ES,SomosGuateque
manolaki25,SomosGuateque
elxokas,SomosGuateque
adrilik,SomosGuateque
Pazos_64,SomosGuateque
RanguGamer,SomosGuateque
isi_tralara,SomosGuateque
EricRod_LYV,SomosGuateque
AlexMLG2k,SomosGuateque
77_skandy,SomosGuateque
Marabai3,SomosGuateque
_victor1808,SomosGuateque
cawui11,SomosGuateque
SqUaSh_01,SomosGuateque
richar1979BC,SomosGuateque
IbaiLlanos,SomosGuateque
Luzbel_91,SomosGuateque
XXr0d0x,SomosGuateque
bilbaobbklive,SomosGuateque
Nibellion,SomosGuateque
Jenial15,SomosGuateque
telepizza_es,SomosGuateque
aurrsitoh,SomosGuateque
raulbayushi,SomosGuateque
Nerkin1985,SomosGuateque
HeyLieLow,SomosGuateque
Ezero07,SomosGuateque
chiconuclear,SomosGuateque
FuKuy,SomosGuateque
Twitch,SomosGuateque
TwitchLatam,SomosGuateque
antihype_ES,SomosGuateque
juanpui,SomosGuateque
ChusoMMontero,SomosGuateque
pepsanchez,SomosGuateque
ochosobrediez,SomosGuateque
Ruix,SomosGuateque
KenzoMetal,SomosGuateque
PabCasado,SomosGuateque
eslinchis,SomosGuateque
Yipee182,SomosGuateque
cecilos,SomosGuateque
MartaTrivi,SomosGuateque
Outconsumer,SomosGuateque
Korah_FF,SomosGuateque
MisterJagger_,SomosGuateque
andres_alguacil,SomosGuateque
LMDShow,SomosGuateque
EvilAFM,SomosGuateque
amilicua,SomosGuateque
chincheto77,SomosGuateque
tonacho,SomosGuateque
LynxReviewer,SomosGuateque
kidcoltrane,SomosGuateque
kr3at0r,SomosGuateque
Chicocartera,SomosGuateque
javisoap,SomosGuateque
xavirobles,SomosGuateque
Eurogamer_es,SomosGuateque
AnaitGames,SomosGuateque
