Thunder1906,jerreramarcia
Marialicious20,Thunder1906
paulalorite7,Thunder1906
Cotilleos_UGR_,Thunder1906
elgamerviejuno,Thunder1906
claumacias01,Thunder1906
JamausGG,Thunder1906
Juan_rh29,Thunder1906
ainhoa1424,Thunder1906
ruben__galiano,Thunder1906
TormentaVALes,Thunder1906
isaabelperea,Thunder1906
WaRCroX,Thunder1906
wingdingsender,Thunder1906
crismbe9,Thunder1906
nurrwolf,Thunder1906
Lauraalobatoo_,Thunder1906
MeriiJimenez,Thunder1906
lucia_j_garcia,Thunder1906
jerreramarcia,Thunder1906
LauGlzArt,Thunder1906
laura_aranao,Thunder1906
mss_gmm,Thunder1906
QuimeraEsports,Thunder1906
terecel8,Thunder1906
essiecgarcia,Thunder1906
laurarodcas_,Thunder1906
ainhoaborregoo,Thunder1906
NoeliaOrtega96,Thunder1906
4avalverde,Thunder1906
ClanRust,Thunder1906
EstelaEspiinosa,Thunder1906
albbita24,Thunder1906
Julietgh8,Thunder1906
patrifedez,Thunder1906
lb_outofcontext,Thunder1906
Vitalisioo,Thunder1906
Saritabarop,Thunder1906
ZakiBakouri,Thunder1906
Nithreel,Thunder1906
carmenrelinque8,Thunder1906
martita29_,Thunder1906
irenespinosa20,Thunder1906
anna_dez18,Thunder1906
JosemariGR_,Thunder1906
luciiahdezzzz,Thunder1906
estasdeIirando,Thunder1906
Marta_18220,Thunder1906
lol_es,Thunder1906
InmaChRo,Thunder1906
365_con,Thunder1906
CapitanGramito,Thunder1906
KeriosYT,Thunder1906
martafs_00,Thunder1906
Marinasaurio,Thunder1906
SKTCarmensita,Thunder1906
_annascarlet,Thunder1906
Nuuriatorres_,Thunder1906
PauSenpai,Thunder1906
HoMj069,Thunder1906
labhmmm,Thunder1906
Martamherrera15,Thunder1906
meryramirez125,Thunder1906
almohipola1,Thunder1906
olimpiamoncada,Thunder1906
Elmiillor,Thunder1906
Eleena170,Thunder1906
littleragergirl,Thunder1906
TheGLabES,Thunder1906
RekklesLoL,Thunder1906
shxwtybaby,Thunder1906
Floreeen0,Thunder1906
isma2dr,Thunder1906
adrixn98,Thunder1906
PilarJC_22,Thunder1906
gekkowo,Thunder1906
Christiannf10,Thunder1906
Nuria_vq,Thunder1906
nereamark,Thunder1906
anafgt12,Thunder1906
mmxr__,Thunder1906
Mariasancheez22,Thunder1906
anabel_gazquez,Thunder1906
Alfonsord11,Thunder1906
mmariacampos_,Thunder1906
malickgomez99,Thunder1906
SonyPicsHomeEs,Thunder1906
antonio_p4fm,Thunder1906
Wismichu,Thunder1906
ZekkoTV,Thunder1906
Natalia34475653,Thunder1906
maaaartta_,Thunder1906
mrj2301,Thunder1906
mariahzz02,Thunder1906
aliguerra17_,Thunder1906
mariiagnzlez,Thunder1906
albaadg_,Thunder1906
ismael2dr,Thunder1906
BlackEspanolito,Thunder1906
Rociioo001,Thunder1906
YouPlanet_es,Thunder1906
enphermizo,Thunder1906
josem_ovi,Thunder1906
auronplay,Thunder1906
GABRIGP94,Thunder1906
AliciaLozano188,Thunder1906
Gaidyts,Thunder1906
andreaponce_15,Thunder1906
Laauri_00,Thunder1906
Currort99,Thunder1906
pilarhdezz,Thunder1906
martinasalazarp,Thunder1906
aguileera05,Thunder1906
IbaiLlanos,Thunder1906
LucasRojo,Thunder1906
condenatedlxby,Thunder1906
GiantsGaming,Thunder1906
ESLspain,Thunder1906
raquelgonzc29,Thunder1906
sebascb09,Thunder1906
maariacorbacho,Thunder1906
LorenaRevival,Thunder1906
Barbatos74,Thunder1906
Pblo00,Thunder1906
lauespinosaxx,Thunder1906
cristinarc23,Thunder1906
gimrichi,Thunder1906
vii15_,Thunder1906
Iratxegarci_,Thunder1906
andreaductor27,Thunder1906
minervamr_99,Thunder1906
laurixu30,Thunder1906
noeliagr33,Thunder1906
angeladh9,Thunder1906
bryanrodrigue00,Thunder1906
pilyae,Thunder1906
paulabarcia_,Thunder1906
DaniielTorrejon,Thunder1906
yolanda24315319,Thunder1906
carmensitttt,Thunder1906
lilymengil,Thunder1906
GonPadilla_05,Thunder1906
evaa28_,Thunder1906
CdMontera9,Thunder1906
almohipola,Thunder1906
OscarSalazarRo4,Thunder1906
imlobby,Thunder1906
ivaancabezaa,Thunder1906
alehandrafosela,Thunder1906
pabloamores00,Thunder1906
jesusrj1236,Thunder1906
GonzaHdez99,Thunder1906
lauramoyag7,Thunder1906
patri_xomx,Thunder1906
nereamontero99,Thunder1906
BICHARRACOO,Thunder1906
