vii15_,jerreramarcia
anaalloreet,vii15_
InesdeCastilla9,vii15_
mariia_rojo_,vii15_
claaubj16,vii15_
julia78639825,vii15_
lilcabeSa,vii15_
gemafdezzz,vii15_
ebonyymm,vii15_
alfonsofp58,vii15_
santicentrismo,vii15_
aliciaoteero11,vii15_
Manuglv1,vii15_
chubascos00,vii15_
RorroBarrancas,vii15_
Martaaragon8,vii15_
Juanmaglez_,vii15_
payasyn_,vii15_
brwnskned,vii15_
GONERIGGS,vii15_
777molly_,vii15_
heavensentIibra,vii15_
moonsbria,vii15_
mt_Liberdade,vii15_
AlbBelieb,vii15_
pxblocmk,vii15_
catswilleatu,vii15_
_lagrimaldi,vii15_
Celiacalderonn,vii15_
thinkingminds1,vii15_
achicopalad_a,vii15_
santtcristina,vii15_
patrilopeez_,vii15_
anaxqs,vii15_
shakiramontiel1,vii15_
_luxxx4,vii15_
irenepz6,vii15_
yaniivrzz_,vii15_
alba_hortal,vii15_
angelabarfez,vii15_
irenebn99,vii15_
gemalindes,vii15_
paula_falcoo,vii15_
veragonz27,vii15_
MValsss,vii15_
plantbasedvibes,vii15_
aragonacedo,vii15_
martaosorio06,vii15_
MonicaCarrillo,vii15_
Wikidrew_,vii15_
Nuriialv20,vii15_
laksestaliando,vii15_
badbixsamantha,vii15_
Mliebearoha,vii15_
lesbloves,vii15_
Willyrex_OOC,vii15_
luciaaserrano_,vii15_
carlospaleencia,vii15_
ailedgl,vii15_
Julia_Janeiro27,vii15_
ahimarasantos99,vii15_
UkeleleKawas,vii15_
clxisanangel,vii15_
rebellatis,vii15_
Ozeka_SNK,vii15_
JoseCarlosCB27,vii15_
margutierrezjz,vii15_
switchblades_bb,vii15_
crisromero15_,vii15_
aana_peerezz,vii15_
lucia_j_garcia,vii15_
Alex_Gf12,vii15_
akisolozorras,vii15_
ef_clauss,vii15_
pauuliien,vii15_
PippinsWeed,vii15_
saraavaleroo,vii15_
padecirnosotros,vii15_
danimarreroo,vii15_
kaze_cartagena,vii15_
Tieneunpape,vii15_
carlotahdg,vii15_
yadhicr,vii15_
Funzako,vii15_
Nadal_015,vii15_
tatianadelalvz,vii15_
fuckmanolito,vii15_
amornima,vii15_
lougm_00,vii15_
cl3rr,vii15_
goncorrales,vii15_
socasmc,vii15_
JorgeCanto98,vii15_
daclxs,vii15_
florsnb,vii15_
elennnarivera,vii15_
YasminaAlvarezA,vii15_
BarberanSaul,vii15_
andreitaviless,vii15_
sjj07011,vii15_
detestablx,vii15_
bixmart0,vii15_
mnantl,vii15_
Albamfernandez,vii15_
esstupidah,vii15_
andxorx,vii15_
paulavilches98,vii15_
_anamolins,vii15_
judithcm01,vii15_
alixx_____,vii15_
albvibn,vii15_
luciiaa__24,vii15_
alisanchezn,vii15_
StreetFashion01,vii15_
pitumico,vii15_
paauulzz,vii15_
shadobsss,vii15_
angel_alvzz,vii15_
mariadfdc,vii15_
Aguacateww,vii15_
marinaasensio00,vii15_
palomadomingoo,vii15_
WaldenDos_,vii15_
Jesusbautt,vii15_
adrianajvlia,vii15_
4avalverde,vii15_
albbarojass,vii15_
diaanee98,vii15_
Luciasf02,vii15_
17itziarr,vii15_
Shawnsvirtual,vii15_
nnnadiayedra,vii15_
luciiautrera,vii15_
lauritaregaliz2,vii15_
edu_ramireez10,vii15_
_angieas,vii15_
luciacuevas_,vii15_
paolaigrm,vii15_
YourAnonCentral,vii15_
Idraw_spb,vii15_
albbita24,vii15_
rrositta_bf,vii15_
gavinthomas,vii15_
aalba_loopez,vii15_
klkmax,vii15_
lapupasakberbel,vii15_
christiandiabb,vii15_
_clauuromero,vii15_
lolamateo10_,vii15_
martagonno,vii15_
Analegazpig,vii15_
pxtorress,vii15_
_ANAMILAN_,vii15_
ramoncs_,vii15_
plmaarin,vii15_
luciia_jh,vii15_
sensenrajr,vii15_
Clauups16,vii15_
Ptazeta_,vii15_
nereaesunkebab,vii15_
MaraPastor4,vii15_
verduritasss,vii15_
martinamorillo_,vii15_
carlaluu_,vii15_
SebyPalermo,vii15_
Miguel18E,vii15_
irunevm,vii15_
gemaagf,vii15_
_ludmilaailenn,vii15_
martinadp02,vii15_
Sugeiry__,vii15_
paulax0_,vii15_
jimeena_peerez,vii15_
lusiluxx,vii15_
bb_lauraaa,vii15_
Faanny27,vii15_
TiagoTantucci,vii15_
pauums2,vii15_
juliaagoonzalez,vii15_
paatri_mp,vii15_
bienprro,vii15_
NatosyWaor,vii15_
patricialnrs,vii15_
marionapuig_,vii15_
Sbarbadilla,vii15_
Carlapb8,vii15_
ftbities,vii15_
emmaclmr,vii15_
Sthefdsf,vii15_
mccallsoul_,vii15_
canddela_,vii15_
_ferguii,vii15_
Malickgomez992,vii15_
darkness_hgx,vii15_
ssspinelli_,vii15_
SexualMoodx,vii15_
andrealmfig,vii15_
SeleneMedel2,vii15_
naikinai19,vii15_
iamsabrinaperea,vii15_
lvciliem,vii15_
annflxke,vii15_
al3jandracalero,vii15_
hkpaula_,vii15_
guapmasa,vii15_
multisadgasmic,vii15_
Javidiaz_212,vii15_
mariogolbi,vii15_
juliamvv14,vii15_
carmencitta__,vii15_
carlamateo_,vii15_
yulihoop,vii15_
naatlop,vii15_
ppauulaa__,vii15_
ddelalunabrilla,vii15_
maaradentro,vii15_
meleritss,vii15_
littlawra,vii15_
kairarose_,vii15_
NoEsZura,vii15_
lb_outofcontext,vii15_
mariacalabriat,vii15_
penelopest_,vii15_
myriamgc_,vii15_
elenchufeee,vii15_
Rebecayustte,vii15_
letiriveraa,vii15_
eununezzz,vii15_
belenmcuello,vii15_
Ramonfdez_,vii15_
anamartinvel,vii15_
marianc360,vii15_
falconvera8,vii15_
Maria_glez10,vii15_
terecel8,vii15_
JrBianchi13,vii15_
albitapuyol7,vii15_
anavickiwm,vii15_
Camila_Cabello,vii15_
ruizsamara13,vii15_
EstadoAlarmaBot,vii15_
wikigitanas,vii15_
_Ethernalflame_,vii15_
laacasitoss,vii15_
Luciagarbra,vii15_
UnaTalAinhoa,vii15_
_itsmianotmaya,vii15_
Paulits001,vii15_
nurii_fc,vii15_
HelpSugarmommy,vii15_
albacactus,vii15_
Marinaapozoo,vii15_
beagvx,vii15_
Lidiapozo13,vii15_
_awalts,vii15_
anpitis,vii15_
ClauHi31,vii15_
clauditss_,vii15_
celialp0,vii15_
pedritmejias,vii15_
caotica_sinfin,vii15_
ana_alba13,vii15_
jessi09_05,vii15_
tanita_xulita,vii15_
spoksponha,vii15_
mmxr__,vii15_
aaniitamartinez,vii15_
LuisMag__,vii15_
pacheco1298,vii15_
munxain,vii15_
dasanssj,vii15_
pcardaba28,vii15_
josevln30,vii15_
IbaiLlanos,vii15_
naycreo,vii15_
gonzalo2603,vii15_
aliciamh_01,vii15_
lunagarcia__,vii15_
AntonioPC96,vii15_
raulxch,vii15_
GuilleMuntaner,vii15_
maria__guerra1,vii15_
ManuCarrillo7,vii15_
krmn_____,vii15_
paulargzg_,vii15_
_delaluz,vii15_
_sandralimm,vii15_
Violet_Smoke_,vii15_
martcarstairs,vii15_
MaryaGuillen97,vii15_
_claubarranco,vii15_
trizzyebeltran,vii15_
lolacuberos,vii15_
_elenatirado,vii15_
Hanky_solo,vii15_
desastrecitoo,vii15_
ACraich,vii15_
dkriiu,vii15_
sussooss,vii15_
Saul_Barberan,vii15_
NathyPeluso,vii15_
pableteGP,vii15_
B_thle,vii15_
Rooxsann_,vii15_
clovning,vii15_
rosalopezjim88,vii15_
eemmaabc,vii15_
RecheRafi,vii15_
_BLoves,vii15_
mariacg____,vii15_
72gramos,vii15_
venusxmmc,vii15_
retumbera,vii15_
yadhiracasal,vii15_
aliciadc00,vii15_
AlbeaMeh,vii15_
jerreramarcia,vii15_
samxvazquez,vii15_
agnesxgez,vii15_
sanbenito,vii15_
adriaanavm,vii15_
giseleabriil14,vii15_
adrilik,vii15_
Nataliapecino,vii15_
Nuuriatorres_,vii15_
FRM__,vii15_
andreeapino,vii15_
_paulatk,vii15_
compux72,vii15_
anafgt12,vii15_
clairehepburn_,vii15_
Curiosofia,vii15_
YerMdz,vii15_
hernkeevin,vii15_
GonzaHdez99,vii15_
blackgrw,vii15_
danielaa_larios,vii15_
josemrioss,vii15_
stevelean4real,vii15_
mbxjxr,vii15_
iviifaleiro,vii15_
ZetazenFrases,vii15_
lusd__,vii15_
rvinss_,vii15_
alexarmentro,vii15_
leeescote,vii15_
lesbgif,vii15_
billieeilish,vii15_
trencitadepan,vii15_
abrillopezne,vii15_
estremecernos,vii15_
Heskizx,vii15_
satiivaxx,vii15_
laurascv4,vii15_
Zetazen1,vii15_
_SEITH,vii15_
desiregarciat8,vii15_
ElPorritoOk,vii15_
raqueel__01,vii15_
elvirasastre,vii15_
d4eath,vii15_
alvarojaro_,vii15_
Mariobf_98,vii15_
nurrwolf,vii15_
secoweedcodein,vii15_
mariiagnzlez,vii15_
herran_herran,vii15_
sabelamusic_,vii15_
AlbaReche,vii15_
natalialacunza,vii15_
madisonbeer,vii15_
mariaot2018,vii15_
ExeUnhappy,vii15_
luciaevns,vii15_
emoxodemierda,vii15_
biebsziana,vii15_
Vvivanco14_,vii15_
_pgm16,vii15_
Wikingenieria,vii15_
81Paulitaleon,vii15_
saraespinosa_03,vii15_
aliguerra17_,vii15_
_vrosano,vii15_
mbrbosalpz,vii15_
LuciaOliva97,vii15_
aldaraalvarez_,vii15_
Juliaps00,vii15_
RealSneakers_,vii15_
ItsALilacSky,vii15_
darnn__,vii15_
_albxreche,vii15_
marinareche_,vii15_
milhojasqueer,vii15_
visuaI3000,vii15_
uxianv_19,vii15_
Mxrix9,vii15_
elenaasanchez27,vii15_
miguelrodvi,vii15_
_IdairaToledo,vii15_
darioemehache,vii15_
uvvedoble,vii15_
paulaglezz13_,vii15_
rebequi05,vii15_
Aliennqueen_,vii15_
mxxnsshine,vii15_
dvdrm01,vii15_
rockmehazza23,vii15_
urghpatri,vii15_
Mariatrula21,vii15_
happypixxie,vii15_
Urlocalstoned,vii15_
Luciacb56,vii15_
evitruski,vii15_
crisgarcia_28,vii15_
ketpasa,vii15_
danielagomezz03,vii15_
lacunza_natalia,vii15_
albaarchive,vii15_
mineftharry,vii15_
modoavionnn,vii15_
_xFool4U,vii15_
Neereagasco,vii15_
cristianzapaa,vii15_
AnnaaCastillo,vii15_
boIIera,vii15_
bestzaynsphotos,vii15_
Iesbixn,vii15_
saritx_,vii15_
MiriamTR16,vii15_
bifruuuu_,vii15_
zulili08,vii15_
halsey,vii15_
MaggieLindemann,vii15_
notafaso,vii15_
anasaezdcozar,vii15_
ID6ix,vii15_
XXXTRAP7,vii15_
nouslesoublie,vii15_
relateshitt,vii15_
almohipola1,vii15_
FrasesMadeSpain,vii15_
LeivaFrases,vii15_
irenespinosa20,vii15_
noahcent,vii15_
Mariannyruizr,vii15_
Carmenmaria9900,vii15_
andreaweno,vii15_
Raimun_2,vii15_
JoseCarrillo99x,vii15_
albertovega00,vii15_
relatewordz,vii15_
desahogoeterno,vii15_
Nithreel,vii15_
SuleBSoprano,vii15_
GuilleCamicha,vii15_
eugeniahdez12,vii15_
pura_casta,vii15_
HaliasRs,vii15_
FrasesDellafuen,vii15_
Papirrona,vii15_
pafeee99,vii15_
_ljm7,vii15_
annacb19__,vii15_
archillect,vii15_
Inees_97,vii15_
ElPrincideledit,vii15_
fabscinante,vii15_
sosadtoday,vii15_
pauvivez,vii15_
LitronaPapi,vii15_
Toonn96,vii15_
cassvoight,vii15_
REscalas,vii15_
grefusito_,vii15_
72kilos,vii15_
lucialagosss_,vii15_
threexx_,vii15_
nickztqb,vii15_
ppujolt,vii15_
carmenmere27,vii15_
pbrvxla511,vii15_
nachogomezz01,vii15_
c_tangana,vii15_
sandracula_,vii15_
ordurebizarree,vii15_
Anguiolinasotos,vii15_
FincesaTiesa,vii15_
num1angeI,vii15_
Lailota_,vii15_
anazamorac_,vii15_
DesatranqueJaen,vii15_
vikgallagher,vii15_
memes4love1,vii15_
yisucrist,vii15_
flanchota,vii15_
knowyourmeme,vii15_
RespectfulMemes,vii15_
lloromucho,vii15_
JMarquesSoprano,vii15_
msnina,vii15_
c0caine00_,vii15_
Desahogada,vii15_
ManuelHuedo,vii15_
dazaevvc,vii15_
gabrirocha00,vii15_
daniel_escape,vii15_
alvaroej07,vii15_
Vitalisioo,vii15_
GabriRocha_,vii15_
laiz_diego,vii15_
adeaitanaiugh,vii15_
Najwa_Nimri,vii15_
xaxosoyunpunki,vii15_
mmariacampos_,vii15_
__dstny,vii15_
QuantumFracture,vii15_
satisfactorioh,vii15_
birtukantibebe,vii15_
carmensitttt,vii15_
MiriamGomez26,vii15_
Barbasapiens,vii15_
Carmenkuki97,vii15_
Defreds,vii15_
ManuelBartual,vii15_
loretosesma,vii15_
RosexGlow,vii15_
andreaponce_15,vii15_
AliciaLozano188,vii15_
claudiads00,vii15_
lucy_targaryen,vii15_
Cristinasr34,vii15_
cristinagonz021,vii15_
Jorgevg_33,vii15_
mbenitez26,vii15_
iagocampa,vii15_
Rubeen_80,vii15_
superni3l,vii15_
__cwthcy,vii15_
Anuel_2bleA,vii15_
SignoLibraRD,vii15_
dondenuncaa,vii15_
JavierBeret,vii15_
nereasanchez29,vii15_
DiegoRuizz99,vii15_
Salamandraman,vii15_
pabloamores00,vii15_
JesuleG10,vii15_
ElMarquees,vii15_
bifruuu_,vii15_
cientefico,vii15_
noemimyrodrgz,vii15_
martafs_00,vii15_
Soy_MarkD,vii15_
alexdomenec,vii15_
SergiPedrero,vii15_
EresCurioso,vii15_
sebascb09,vii15_
pabloxerez11,vii15_
raquelreitx,vii15_
manuriosfdez,vii15_
BiIlionaires,vii15_
inglesaldia,vii15_
JosemariGR_,vii15_
noeliagr33,vii15_
daniloz93,vii15_
TutiBeneroso,vii15_
BICHARRACOO,vii15_
GabryGarcy,vii15_
lilymengil,vii15_
sofiasotoc,vii15_
nataliaorozcog,vii15_
Franvherrera97,vii15_
josem_ovi,vii15_
gomfrr,vii15_
ivaancabezaa,vii15_
minervamr_99,vii15_
Currort99,vii15_
pilarhdezz,vii15_
ritamarquez99,vii15_
luisSG5,vii15_
MariaAlba99,vii15_
jesusrj1236,vii15_
Angelasardaa00,vii15_
D_Perez98,vii15_
conchicartagena,vii15_
JuanGonz9911,vii15_
yolanda24315319,vii15_
pablofrz98,vii15_
Carmargar99,vii15_
7antoniogr,vii15_
NurGomez17,vii15_
albapaulferrer,vii15_
jpelaez_m,vii15_
alehandrafosela,vii15_
magic_cristo,vii15_
franesq_,vii15_
laurarodcas_,vii15_
GonPadilla_05,vii15_
carmenrelinque8,vii15_
jonwiergo,vii15_
ana_gil151,vii15_
almohipola,vii15_
ventureplaces,vii15_
AlexRios75,vii15_
shxwtybaby,vii15_
anaadominguez_,vii15_
libra_hn,vii15_
_tresska_,vii15_
marta_agredano,vii15_
joseluisphotos,vii15_
Yadhira_Casal,vii15_
Iratxegarci_,vii15_
HoMj069,vii15_
wanitohd,vii15_
tonimuunoz,vii15_
JuanmyLA,vii15_
JorgeMT2,vii15_
JoeelVLV,vii15_
raquelgonzc29,vii15_
5maurijurado,vii15_
pilyae,vii15_
aguileera05,vii15_
Basallote98,vii15_
MariiaCampos01,vii15_
adrianreinosa01,vii15_
Carmen_correro,vii15_
evaa28_,vii15_
maaariiiaa_06,vii15_
gonnzalechon,vii15_
Rociioo001,vii15_
alvarxz_,vii15_
martinasalazarp,vii15_
