xpectromaster,jerreramarcia
zipelCS,xpectromaster
UnervingImages,xpectromaster
CodCursed,xpectromaster
richbrian,xpectromaster
Pokemon_ES_ESP,xpectromaster
RobTopGames,xpectromaster
playpokemon,xpectromaster
Cadiz_CFJP,xpectromaster
TheFunny_mp4,xpectromaster
futiveslol,xpectromaster
HasbulIah,xpectromaster
FJXSU,xpectromaster
FURIOUSSScs,xpectromaster
MisterJagger_,xpectromaster
EspanaManga,xpectromaster
monsterhunter,xpectromaster
twomad,xpectromaster
coolshirtz,xpectromaster
KFC_ES,xpectromaster
Junichi_Masuda,xpectromaster
somoskudasai,xpectromaster
OOC_Jagger,xpectromaster
AliciaLozano188,xpectromaster
nenuuuuuujj,xpectromaster
Un_Cojin,xpectromaster
rezzz_i,xpectromaster
zvlku,xpectromaster
jerreramarcia,xpectromaster
VALORANTes,xpectromaster
dregos13,xpectromaster
adrianarj274,xpectromaster
forocoches,xpectromaster
PlayVALORANT,xpectromaster
davidbroncano,xpectromaster
scogq,xpectromaster
88rising,xpectromaster
sushitrash,xpectromaster
andresriquel07,xpectromaster
ColdOnes,xpectromaster
DavidSuarez_V,xpectromaster
adrian_jesus_98,xpectromaster
_victor1808,xpectromaster
DrLavaYT,xpectromaster
KryozGaming,xpectromaster
AlejandroVS2399,xpectromaster
mangelrogel,xpectromaster
RaccoonEggs,xpectromaster
CallMeCarsonYT,xpectromaster
adrilik,xpectromaster
worldwarbot,xpectromaster
RobertDowneyJr,xpectromaster
UnderTale,xpectromaster
Josemicod5,xpectromaster
Misfits,xpectromaster
anything4views,xpectromaster
SwaggerSouls,xpectromaster
goodguyfitz,xpectromaster
El_PataPalo,xpectromaster
tomorrowland,xpectromaster
IAmAlanWalker,xpectromaster
DonDiablo,xpectromaster
DolanDark,xpectromaster
duquepozo_,xpectromaster
balisong42,xpectromaster
intercom_music,xpectromaster
anomalyxd,xpectromaster
mta_haas,xpectromaster
JaviOKxD,xpectromaster
maxmoefoe,xpectromaster
Idubbbz,xpectromaster
FilthyFrank,xpectromaster
javi_lol_99,xpectromaster
DDoSOwner,xpectromaster
Pokemon,xpectromaster
logicapokemonES,xpectromaster
PokemonGoApp,xpectromaster
BlackEspanolito,xpectromaster
Dazrbn,xpectromaster
LoLUKN,xpectromaster
PokemonDice,xpectromaster
Hugoyo97,xpectromaster
looreen_99,xpectromaster
Dieg366Gmer,xpectromaster
Rubiu5,xpectromaster
FlipiN1,xpectromaster
Skrillex,xpectromaster
MrxSoki,xpectromaster
Dani_Seka,xpectromaster
bysTaXx,xpectromaster
AndreiSzA,xpectromaster
yisucristt,xpectromaster
OpTicESP,xpectromaster
